Work ID,Component ID,Previous ID,Artist Name (EN),Artist Name (JP),Component Title (EN),Component Title (JP),Component Description (EN),Component Description (JP),Contributors (EN),Contributors (JP),Collection,Recording Date,Color,Sound,Run time (HH:MM:SS),Media Type,Media Format,Component Type,Relation,Film Process,Film Element Type,Film Wind,FPS,Audio Speed,Brand,Reel Size,Audio Reel Capacity,Video Stock Length,Video Standard,File Name,Codec,Codec ID,File Size (GB),Duration,Bit Rate,Dimensions,Display Aspect Ratio,Bit Depth,Scan Type,Encoded Date,Provenance,Viewing Restrictions,Terms Governing Use,Housing Annotations,Item Annotations,Condition Notes (EN),Condition Notes (JP),Notes,Date of Entry (YYYY-MM-DD),Cataloger
TN_001,TK_064,Box_16,TANAAMI Keiichi,田名網敬一,YOSHI KEI - ANOTHER RAINBOW CITY,幼視景 - もう一つの虹色都市,,,,,Tanaami Keiichi,,Color,Silent,,Film,16mm,,,Positive /　ポジ,Print /　プリント,,,,,,,,,,,,,650ft,,,,,,,,,,"幼視景ラッシュ、もう一つの虹色都市
[Yoshikei rush, another Rainbow City]",[no info],Vinegar / Loose Wind,,"""Rushes"" Workprint?",,
TN_001,TK_099,Box_7,TANAAMI Keiichi,田名網敬一,YOSHIKEI  - ANOTHER RAINBOW CITY,もう一つの虹色都市,,,,,Tanaami Keiichi,,Color,Sound,,Film,16mm,Exhibition/Museum Print /展覧・所蔵プリント,,Positive /　ポジ,Print /　プリント,,,,,,,,,,,,,350ft,,,,,,,,,,"もう一つの虹色都市、17分17秒、（1977）、色、退色している。が上映できる。[card]:幼視景ーもう一つの虹色都市No.2 (1979 18分16mm)
[trans. Color is faded but able to screen]",[no info],Faded print.,,,,
TN_001,TK_092,Box_7,TANAAMI Keiichi,田名網敬一,YOSHIKEI PREVIEW,幻視景Ⅰ,,,,,Tanaami Keiichi,,BW,Sound,,Film,16mm,Original / オリジナル,,Negative / ネガ,Track Negative /　トラックネガ,,,,,,,,,,,,,400ft,,,,,,,,,,"幻視景Ⅰ　序節　11分
画ネガ、音ネガ、マスク在中
16ｍｍ
53年4月17日
付箋；
2002年8月にＮＥＷプリント
ネガのコンディション非常に良い
[for KT_092,093,094]
[trans. Yoshikei; introduction/preface; 11min; picture negative; sound negative; mask enclosed; 16mm; 1978.4.17; [on note] 2002 August new print. Negative is in very good condition.]","KT_092　音原版　田名網プロ　幻視景　音　頭
[trans. Sound original]",Stored with KT-093 - KT_094. Vinegar smell.,,Original optical track negative.,,
TN_001,TK_093,Box_7,TANAAMI Keiichi,田名網敬一,YOSHIKEI PREVIEW,,,,,,Tanaami Keiichi,,Color,Silent,,Film,16mm,Original / オリジナル,,Negative / ネガ,Original / オリジナル,,,,,,,,,,,,,400ft,,,,,,,,,,"幻視景Ⅰ　序節　11分
画ネガ、音ネガ、マスク在中
16ｍｍ
53年4月17日
付箋；
2002年8月にＮＥＷプリント
ネガのコンディション非常に良い
[for KT_092,093,094]
[trans. Yoshikei; introduction/preface; 11min; picture negative; sound negative; mask enclosed; 16mm; 1978.4.17; [on note] 2002 August new print. Negative is in very good condition.]","KT_093　画　ロール
[trans. Picture roll]",Vinegar/Sticky.,,Original cut negative. A or B Roll.,,
TN_001,TK_094,Box_7,TANAAMI Keiichi,田名網敬一,YOSHIKEI PREVIEW,,,,,,Tanaami Keiichi,,Color,Silent,,Film,16mm,Original / オリジナル,,Negative / ネガ,Original / オリジナル,,,,,,,,,,,,,400ft,,,,,,,,,,"幻視景Ⅰ　序節　11分
画ネガ、音ネガ、マスク在中
16ｍｍ
53年4月17日
付箋；
2002年8月にＮＥＷプリント
ネガのコンディション非常に良い
[for KT_092,093,094]
[trans. Yoshikei; introduction/preface; 11min; picture negative; sound negative; mask enclosed; 16mm; 1978.4.17; [on note] 2002 August new print. Negative is in very good condition.]","KT_094　マスク　ロール　all−５
[絵コンテ、内蓋、写真参照]
[trans. Mask roll, all-5 [See sketch, notes, and photographs]]",Vinegar/Sticky.,,Original cut negative. A or B Roll.,,
TN_001,TK_031,Box_13,TANAAMI Keiichi,田名網敬一,YOSHIKEI TRAILER,幻視景,,,,,Tanaami Keiichi,,BW,Silent,,Film,16mm,,,,,,,,,,,,,,,,,150ft,,,,,,,,,,"田名網プロ
幻視景Ⅱ
3分
画、音、マスク×２　A　B
全１巻第１巻
53年7月7日 
[for KT_031,032,033,034]
[Trans. 3 min. picture, sound, mask x2, A, B, total volume 1, 1978.7.7]","KT_031　幻視景Ⅱ　Bマスク
[trans. B Mask]",Stored with KT_032 - KT_034. Timing tapes included with all rolls.,,"""Mask B"". B/W Positive, HiCon?",,
TN_001,TK_032,Box_13,TANAAMI Keiichi,田名網敬一,YOSHIKEI TRAILER,幻視景,,,,,Tanaami Keiichi,,BW,Silent,,Film,16mm,,,,,,,,,,,,,,,,,150ft,,,,,,,,,,"田名網プロ
幻視景Ⅱ
3分
画、音、マスク×２　A　B
全１巻第１巻
53年7月7日 
[for KT_031,032,033,034]","KT_032　幻視景Ⅱ　Aマスク
[trans. A Mask]",,,"""Mask A"". B/W Positive, HiCon?",,
TN_001,TK_033,Box_13,TANAAMI Keiichi,田名網敬一,YOSHIKEI TRAILER,幻視景,,,,,Tanaami Keiichi,,BW,Sound,,Film,16mm,Original / オリジナル,,Negative / ネガ,Track Negative /　トラックネガ,,,,,,,,,,,,,150ft,,,,,,,,,,"田名網プロ
幻視景Ⅱ
3分
画、音、マスク×２　A　B
全１巻第１巻
53年7月7日 
[for KT_031,032,033,034]","KT_033　幻視景Ⅱ　S 音源
[trans. S Sound source]","Vinegar, starting to hockey puck. Needs stronger/tighter wind, starting to spoke.",,"""Original sound"" Orignial optical track negative.",,
TN_001,TK_034,Box_13,TANAAMI Keiichi,田名網敬一,YOSHIKEI TRAILER,幻視景,,,,,Tanaami Keiichi,,Color,Silent,,Film,16mm,Original / オリジナル,,Negative / ネガ,Original / オリジナル,,,,,,,,,,,,,150ft,,,,,,,,,,"田名網プロ
幻視景Ⅱ
3分
画、音、マスク×２　A　B
全１巻第１巻
53年7月7日 
[for KT_031,032,033,034]","KT_034　幻視景Ⅱ　画　原
trans. [picture, original]",Sticky.,,"Original cut picture negative. Head, at least, is CRI. But may just be titles.",,
TN_001,TK_155,Box_8,TANAAMI Keiichi,田名網敬一,,幼視景　＜もう一つの虹色都市＞,,,,,Tanaami Keiichi,,,Sound Mono / モノ,,Audio,¼ in audio tape (reel to reel),Unknown / 不明,,,,,,19cm/sec,Scotch 3M JMT3100,7 inch,90%,,,,,,,,,,,,,,,,,シリーズ幼視景　＜もう一つの虹色都市＞　DB data 昭和５３年１２月１４日　Engineer 菊池　Recorder NAGRA V-2L Speed 19cm/sec Mono　巻頭に1Ke 7Ke 50Hzパルス同期信号あり　R１リーダー２　ネガ編の方へ　尻、タイトル、1978のあとに逆の２人の女の画が付いてますが、関係ありません。1978タイトルにいっぱいです。TOPは白味の３パンチの２です,[no info],,,Recorder: NAGRA IV-2L,,
TN_001,TK_162,Box_8,TANAAMI Keiichi,田名網敬一,,もう一つの虹色都市,,,,,Tanaami Keiichi,,,,,Film,16mm,,,,,,,,,,,,,,,,,,,,,,,,,,,"もう一つの虹色都市　のこりネガ
[trans. Remaining negatives for ""Another Rainbow City""]",(8 reels inside),,,"7 reels, 16mm, negative & positive",,
TN_001,TK_179,Box_19,TANAAMI Keiichi,田名網敬一,,幼視景,,,,,Tanaami Keiichi,,,Sound Mono / モノ,,Audio,¼ in audio tape (reel to reel),Original / オリジナル,,,,,,19cm/sec,Scotch 3M,7 inch,100%,,,,,,,,,,,,,,,,,"音楽完パケマザー
19cm/sec
Monophonic
頭5秒前しるしあり
（絵の頭より5秒後に音が入るようになっています）
[trans. Sound complete package mother. ]",,Good,,,,
TN_002,TK_049,Box_13,TANAAMI Keiichi,田名網敬一,[FUJIYA CHOCOLATE COMMERCIAL],不二家LOOKチョコレート,,,,,Tanaami Keiichi,,Color,Sound,,Film,16mm,Exhibition/Museum Print /展覧・所蔵プリント,,Positive /　ポジ,Print /　プリント,,,,,,,,,,,,,50ft,,,,,,,,,,"不二家LOOKチョコレート
CF.FILM
[for KT_049,050,051]",KT_049　不二家ルック　30”　JAC　国際映画宣伝,Stored with KT_050 - KT_051. Faded Magenta print.,,Print,,
TN_002,TK_050,Box_13,TANAAMI Keiichi,田名網敬一,[FUJIYA CHOCOLATE COMMERCIAL],不二家LOOKチョコレート,,,,,Tanaami Keiichi,,Color,Sound,,Film,16mm,Exhibition/Museum Print /展覧・所蔵プリント,,Positive /　ポジ,Print /　プリント,,,,,,,,,,,,,50ft,,,,,,,,,,"不二家LOOKチョコレート
CF.FILM
[for KT_049,050,051]",KT_050　不二家ルック　30”　JAC　国際映画宣伝,Faded Magenta print.,,Print,,
TN_002,TK_051,Box_13,TANAAMI Keiichi,田名網敬一,[FUJIYA CHOCOLATE COMMERCIAL],不二家LOOKチョコレート,,,,,Tanaami Keiichi,,Color,Sound,,Film,16mm,Exhibition/Museum Print /展覧・所蔵プリント,,Positive /　ポジ,Print /　プリント,,,,,,,,,,,,,50ft,,,,,,,,,,"不二家LOOKチョコレート
CF.FILM
[for KT_049,050,051]",KT_051　不二家ルック　15”　JAC　国際映画宣伝,Faded Magenta print.,,Print,,
TN_002,TK_240,Box_18,TANAAMI Keiichi,田名網敬一,[FUJIYA CHOCOLATE COMMERCIAL],不二家LOOKチョコレート,,,,,Tanaami Keiichi,,BW,Sound,,Film,16mm,Exhibition/Museum Print /展覧・所蔵プリント,,Positive /　ポジ,Print /　プリント,,,,,,,,,,,,,25ft,,,,,,,,,,不二家LOOKチョコレート　CF　FILM,,In good shape. Variable Density track.,,,,
TN_003,TK_228,Box_14,TANAAMI Keiichi,田名網敬一,[NHK - JAPANESE FINANCIAL POWER ANIMATION],NHHK日本経済の実力アニメーション,,,,,Tanaami Keiichi,,Color,,,Film,16mm,Exhibition/Museum Print /展覧・所蔵プリント,,Positive /　ポジ,Print /　プリント,,,,,,,,,,,,,700ft,,,,,,,,,,,,Severe vinegar syndrome. Curling and warping. Faded print stored in envelope.,,Could not unwrap or inspect.,,
TN_004,TK_252,Box_14,TANAAMI Keiichi,田名網敬一,[NHK ANIMATION FILM],NHK・アニメーション・フィルム,,,,,Tanaami Keiichi,,Color,Silent,,Film,16mm,Exhibition/Museum Print /展覧・所蔵プリント,,Positive /　ポジ,Print /　プリント,,,,,,,,,,,,,250ft,,,,,,,,,,NHK・アニメーション・フィルム（山内さん）,,Faded print. Stored in envelope.,,,,
TN_005,TK_253,Box_14,TANAAMI Keiichi,田名網敬一,[NHK COLOR TITLE ANIMATION],NHKカラー、タイトル・アニメーション,,,,,Tanaami Keiichi,,Color,Silent,,Film,16mm,Exhibition/Museum Print /展覧・所蔵プリント,,Positive /　ポジ,Print /　プリント,,,,,,,,,,,,,125ft,,,,,,,,,,NHKカラー、タイトル・アニメーション,,Faded print. Stored in envelope.,,,,
TN_006,TK_272,Box_14,TANAAMI Keiichi,田名網敬一,[NHK OUR WORLD],70年代われらの世界,,,,,Tanaami Keiichi,,Color,Silent,,Film,16mm,Exhibition/Museum Print /展覧・所蔵プリント,,Positive /　ポジ,Print /　プリント,,,,,,,,,,,,,200ft,,,,,,,,,,70年代われらの世界,NHKスペシャル70年代われらの世界下村博士の物＿論アニメーション,Faded print. Stored in envelope.,,This was originally number KT_252 (duplicate number),,
TN_007,TK_251,Box_14,TANAAMI Keiichi,田名網敬一,[OSAKA EXPO ANIMATION TITLE],NHK万博アニメーションタイトル,,,,,Tanaami Keiichi,,Color,Sound,,Film,16mm,Exhibition/Museum Print /展覧・所蔵プリント,,Positive /　ポジ,Print /　プリント,,,,,,,,,,,,,125ft,,,,,,,,,,NHK万博アニメーションタイトル,,Faded print. Stored in envelope.,,,,
TN_008,TK_215,Box_15,TANAAMI Keiichi,田名網敬一,[TANAAMI'S CHINA],田名網敬一の中国,,,,,Tanaami Keiichi,,Color,Silent,,Film,Super 8mm,,,Reversal /　リバーサル,,,,,,,,,,,,,,55m,,,,,,,,,,"田名網敬一の中国
[trans. Tanaami Keiichi's China]",,May be slightly faded,,Should inspect to see if this is print or original. Looks original.,,
TN_008,TK_216,Box_15,TANAAMI Keiichi,田名網敬一,[TANAAMI'S CHINA],田名網敬一の中国,,,,,Tanaami Keiichi,,Color,Silent,,Film,Super 8mm,,,Reversal /　リバーサル,,,,,,,,,,,,,,600ft,,,,,,,,,,"中国
[trans. China]",,Does not look faded. In good shape.,,Should inspect to see if this is print or original. Looks original.,,
TN_009,TK_056,Box_16,TANAAMI Keiichi,田名網敬一,4 EYES,4 EYES,,,,,Tanaami Keiichi,,Color,Silent,,Film,16mm,,,Negative / ネガ,Original / オリジナル,,,,,,,,,,,,,100ft,,,,,,,,,,"田名網プロ４Eyes オリジナルネガ
[trans. 4 Eyes original negative]",[no info],Stored with KT_057 - KT_060. Sticky with bad vinegar smell.,,Original negative?,,
TN_009,TK_057,Box_16,TANAAMI Keiichi,田名網敬一,4 EYES,4 EYES,,,,,Tanaami Keiichi,,Color,Silent,,Film,16mm,,,Negative / ネガ,Original / オリジナル,,,,,,,,,,,,,100ft,,,,,,,,,,"田名網プロ４Eyes オリジナルネガ
[trans. 4 Eyes original negative]",網点Color Nega 70ノッチ、１、13,Sticky with bad vinegar smell,,Original Nnegative?,,
TN_009,TK_058,Box_16,TANAAMI Keiichi,田名網敬一,4 EYES,4 EYES,,,,,Tanaami Keiichi,,BW,Silent,,Film,16mm,,,Reversal /　リバーサル,Original / オリジナル,,,,,,,,,,,,,150ft,,,,,,,,,,"田名網プロ４Eyes オリジナルネガ
[trans. 4 Eyes original negative]",頭,Vinegar smell. Some damage to wind/edges.,,,,
TN_009,TK_059,Box_16,TANAAMI Keiichi,田名網敬一,4 EYES,4 EYES,,,,,Tanaami Keiichi,,BW,Silent,,Film,16mm,,,Negative / ネガ,Original / オリジナル,,,,,,,,,,,,,75ft,,,,,,,,,,"田名網プロ４Eyes オリジナルネガ
[trans. 4 Eyes original negative]","回転B・W、NEGA
[trans. Rotation B/W, Neg A]",Vinegar smell.,,,,
TN_009,TK_060,Box_16,TANAAMI Keiichi,田名網敬一,4 EYES,4 EYES,,,,,Tanaami Keiichi,,BW,Silent,,Film,16mm,,,Negative / ネガ,Original / オリジナル,,,,,,,,,,,,,800ft,,,,,,,,,,"田名網プロ４Eyes オリジナルネガ
[trans. 4 Eyes original negative]","B/w NEGA, 2","Bad vinegar. Spoking, very shrunken.",,,,
TN_009,TK_061,Box_16,TANAAMI Keiichi,田名網敬一,4 EYES,4 EYES,,,,,Tanaami Keiichi,,BW,Silent,,Film,16mm,,,Positive /　ポジ,,,,,,,,,,,,,,400ft,,,,,,,,,,"田名網プロ４Eyes JCP残
[trans. 4 Eyes JCP remains]",[no info],Stored with KT_062 - KT_063,,"""left overs"" Outtakes? Hi-Con Positive",,
TN_009,TK_062,Box_16,TANAAMI Keiichi,田名網敬一,4 EYES,4 EYES,,,,,Tanaami Keiichi,,BW,Silent,,Film,16mm,,,Positive /　ポジ,,,,,,,,,,,,,,100ft,,,,,,,,,,"田名網プロ４Eyes JCP残
[trans. 4 Eyes JCP remains]",[no info],,,Outtake? Hi-Con Positive,,
TN_009,TK_063,Box_16,TANAAMI Keiichi,田名網敬一,4 EYES,4 EYES,,,,,Tanaami Keiichi,,BW,Silent,,Film,16mm,,,Reversal /　リバーサル,,,,,,,,,,,,,,400ft,,,,,,,,,,"田名網プロ４Eyes JCP残
[trans. 4 Eyes JCP remains]",[no info],,,Outtake?,,
TN_009,TK_065,Box_16,TANAAMI Keiichi,田名網敬一,4 EYES,4 EYES,,,,,Tanaami Keiichi,,BW,Silent,,Film,16mm,,,Positive /　ポジ,,,,,,,,,,,,,,450ft,,,,,,,,,,,,Stored with KT_066. Vinegar / Loose Wind ,,"""Left overs"" Outtakes? Hi-Con Positive",,
TN_009,TK_066,Box_16,TANAAMI Keiichi,田名網敬一,4 EYES,4 EYES,,,,,Tanaami Keiichi,,BW,Silent,,Film,16mm,,,Positive /　ポジ,,,,,,,,,,,,,,450ft,,,,,,,,,,"田名網プロ４Eyes JCP残
[trans. 4 Eyes JCP remains]",[no info],Vinegar / Sticky,,Hi-Con Positiv,,
TN_009,TK_122,Box_7,TANAAMI Keiichi,田名網敬一,4 EYES,4 EYES,,,,,Tanaami Keiichi,,Color,Sound,,Film,16mm,Exhibition/Museum Print /展覧・所蔵プリント,,Positive /　ポジ,Print /　プリント,,,,,,,,,,,,,350ft,,,,,,,,,,"4 EYES
2015年11月のニュープリント
補正したもの
田名網敬一
16mm/9min/0reels
[trans. 2015 November new print. Restored]",,Polyester print. Excellent condition.,,"Looks to be brand new print of 4 Eyes, made recently from new I/N.",,
TN_009,TK_123,Box_7,TANAAMI Keiichi,田名網敬一,4 EYES,4 EYES,,,,,Tanaami Keiichi,,BW,Sound,,Film,16mm,Preservation Master / 保存用マスター,,Negative / ネガ,Track Negative /　トラックネガ,,,,,,,,,,,,,350ft,,,,,,,,,,"4 EYES (SN,DN)
2015年11月16日
補正ズミ
絵ネガ、音ネガ
[for KT_123,124]
[trans. Restored, picture negative, sound negative]",KT_123　18975　S.TOP,Stored with KT_124. Acetate stock. In excellent condition.,,Looks to be new optical track negative,,
TN_009,TK_124,Box_7,TANAAMI Keiichi,田名網敬一,4 EYES,4 EYES,,,,,Tanaami Keiichi,,Color,Silent,,Film,16mm,Preservation Master / 保存用マスター,,Negative / ネガ,Internegative /　インターネガ,,,,,,,,,,,,,350ft,,,,,,,,,,"4 EYES (SN,DN)
2015年11月16日
補正ズミ
絵ネガ、音ネガ
[for KT_123,124]
[trans. Restored, picture negative, sound negative]",KT_124　18975　P.TOP,Acetate stock. In excellent shape.,,"Looks to be new Internegative, made recently. ",,
TN_009,TK_125,Box_7,TANAAMI Keiichi,田名網敬一,4 EYES,4 EYES,,,,,Tanaami Keiichi,,Color,Sound,,Film,16mm,Exhibition/Museum Print /展覧・所蔵プリント,,Positive /　ポジ,Print /　プリント,,,,,,,,,,,,,350ft,,,,,,,,,,"4 EYES
2015年11月のニュープリント
補正したもの
田名網敬一
16mm/9min/0reels
[trans. 2015 print, restored]",,Polyester print. Excellent condition.,,"Looks to be new print, made recently, from new I/N.",,
TN_009,TK_226,Box_15,TANAAMI Keiichi,田名網敬一,4 EYES,4 EYES,,,,,Tanaami Keiichi,,,,,Film,16mm,,,,,,,,,,,,,,,,,,,,,,,,,,,"4 EYESラッシュ
[trans. Rush]",,,,,,
TN_009,TK_227,Box_15,TANAAMI Keiichi,田名網敬一,4 EYES,4 EYES,,,,,Tanaami Keiichi,,,,,Film,16mm,,,,,,,,,,,,,,,,,,,,,,,,,,,"4 EYESラッシュ
[trans. Rush]",,,,,,
TN_009,TK_229,Box_14,TANAAMI Keiichi,田名網敬一,4 EYES,4 EYES,,,,,Tanaami Keiichi,,,,,Film,16mm,,,,,,,,,,,,,,,,,,,,,,,,,,,4 EYES A ロール（放射線マスクネガ）、Bロール（放射線ポジマスク）、50年7月31日,B Roll,,,,,
TN_009,TK_230,Box_14,TANAAMI Keiichi,田名網敬一,4 EYES,4 EYES,,,,,Tanaami Keiichi,,,,,Film,16mm,,,,,,,,,,,,,,,,,,,,,,,,,,,4 EYES A ロール（放射線マスクネガ）、Bロール（放射線ポジマスク）、50年7月31日,A End,,,,,
TN_009,TK_231,Box_14,TANAAMI Keiichi,田名網敬一,4 EYES,4 EYES,,,,,Tanaami Keiichi,,,,,Film,16mm,,,,,,,,,,,,,,,,,,,,,,,,,,,E音ロール網点＆人物ネガマスク,４EYES Eロール,,,,,
TN_009,TK_232,Box_14,TANAAMI Keiichi,田名網敬一,4 EYES,4 EYES,,,,,Tanaami Keiichi,,,,,Film,16mm,,,,,,,,,,,,,,,,,,,,,,,,,,,E音ロール網点＆人物ネガマスク,音,,,,,
TN_009,TK_233,Box_14,TANAAMI Keiichi,田名網敬一,4 EYES,4 EYES,,,,,Tanaami Keiichi,,,,,Film,16mm,,,,,,,,,,,,,,,,,,,,,,,,,,,"4 EYES Cロール （人物ネガマスク）, Dロール（Posi人物マスク）、50年7月31日",Cロール,,,,,
TN_009,TK_234,Box_14,TANAAMI Keiichi,田名網敬一,4 EYES,4 EYES,,,,,Tanaami Keiichi,,,,,Film,16mm,,,,,,,,,,,,,,,,,,,,,,,,,,,"4 EYES Cロール （人物ネガマスク）, Dロール（Posi人物マスク）、50年7月31日",Dロール,,,,,
TN_009,TK_152,Box_８,TANAAMI Keiichi,田名網敬一,4 EYES,4 EYES,,,,,Tanaami Keiichi,,,Sound Mono / モノ,00:09:00,Audio,¼ in audio tape (reel to reel),,,,,,,38cm/sec,Scotch 3M111,7 inch,90%,,,,,,,,,,,,,,,,,田名網プロ　５０年７月２３日　録音担当者　菊池　テープ速度38cm/sec DB M 1KHZ 7KHZ ２ブツあり(OSC) T-1 OK 9'00' Sound 16mm BW,田名網敬一氏用　９分　M,,,,,
TN_010,TK_180,Box_19,TANAAMI Keiichi,田名網敬一,ANOTHER RAINBOW CITY,もう一つの虹色都市,,,,,Tanaami Keiichi,,BW,Silent,,Film,16mm,,,Positive /　ポジ,Print /　プリント,,,,,,,,,,,,,150ft,,,,,,,,,,"もう一つの虹色都市残ネガ
[for KT_180,181,182,184]
[Remaining negatives for ""Another Rainbow City""]",,"Stored with KT_181-182 + KT_184 in cardboard box. Loose wind, not on core.",,"Positive print, silent. Looks like working material or excerpt.",,
TN_010,TK_181,Box_19,TANAAMI Keiichi,田名網敬一,ANOTHER RAINBOW CITY,もう一つの虹色都市,,,,,Tanaami Keiichi,,BW,Silent,,Film,16mm,Original / オリジナル,,Positive /　ポジ,Original / オリジナル,,,,,,,,,,,,,125ft,,,,,,,,,,"もう一つの虹色都市残ネガ
[for KT_180,181,182,184]
[Remaining negatives for ""Another Rainbow City""]",,,,Hi-Con positive. May be outtakes.,,
TN_010,TK_182,Box_19,TANAAMI Keiichi,田名網敬一,ANOTHER RAINBOW CITY,もう一つの虹色都市,,,,,Tanaami Keiichi,,BW,Silent,,Film,16mm,Original / オリジナル,,Positive /　ポジ,Original / オリジナル,,,,,,,,,,,,,125ft,,,,,,,,,,"もう一つの虹色都市残ネガ
[for KT_180,181,182,184]
[Remaining negatives for ""Another Rainbow City""]",,,,Hi-Con positive. May be outtakes.,,
TN_010,TK_183,Box_19,TANAAMI Keiichi,田名網敬一,ANOTHER RAINBOW CITY,もう一つの虹色都市,,,,,Tanaami Keiichi,,Color,Silent,,Film,16mm,Original / オリジナル,,Negative / ネガ,Original / オリジナル,,,,,,,,,,,,,175ft,,,,,,,,,,"もう一つの虹色都市残ネガ
[for KT_180,181,182,184]
[Remaining negatives for ""Another Rainbow City""]",,Stored with KT_185 - KT_186. No leader.,,"Color negative, likely outtakes.",,
TN_010,TK_184,Box_19,TANAAMI Keiichi,田名網敬一,ANOTHER RAINBOW CITY,もう一つの虹色都市,,,,,Tanaami Keiichi,,BW,Silent,,Film,16mm,Original / オリジナル,,Positive /　ポジ,Original / オリジナル,,,,,,,,,,,,,125ft,,,,,,,,,,"もう一つの虹色都市残ネガ
[for KT_180,181,182,184]
[Remaining negatives for ""Another Rainbow City""]",,,,Hi-Con positive. May be outtakes.,,
TN_010,TK_185,Box_19,TANAAMI Keiichi,田名網敬一,ANOTHER RAINBOW CITY,もう一つの虹色都市,,,,,Tanaami Keiichi,,Color,Silent,,Film,16mm,Original / オリジナル,,Negative / ネガ,Original / オリジナル,,,,,,,,,,,,,75ft,,,,,,,,,,"もう一つの虹色都市残ネガ在中
KT_186　幼視景　78.12.12
キープ分
[for KT_183,185,186]
[trams/ ""Another Rainbow City"" ramaining negatives. KT_186 Yoshikei 78.12.12 for keeping]",,,,"Color negative, likely outtakes.",,
TN_010,TK_186,Box_19,TANAAMI Keiichi,田名網敬一,ANOTHER RAINBOW CITY,もう一つの虹色都市,,,,,Tanaami Keiichi,,Color,Silent,,Film,16mm,Exhibition/Museum Print /展覧・所蔵プリント,,Positive /　ポジ,Print /　プリント,,,,,,,,,,,,,400ft,,,,,,,,,,"もう一つの虹色都市残ネガ在中
KT_186　幼視景　78.12.12
キープ分
[for KT_183,185,186]
[trams/ ""Another Rainbow City"" ramaining negatives. KT_186 Yoshikei 78.12.12 for keeping]","KT_186　幼視景　78.12.12
キープ分KT_186 [trans. Yoshikei 78.12.12 for keeping]",Loose wind. Faded Print.,,Looks like Workprint.,,
TN_010,TK_195,Box_19,TANAAMI Keiichi,田名網敬一,ANOTHER RAINBOW CITY,もう一つの虹色都市,,,,,Tanaami Keiichi,,BW,Silent,,Film,16mm,Original / オリジナル,,Positive /　ポジ,Original / オリジナル,,,,,,,,,,,,,200ft,,,,,,,,,,"もう一つの虹色都市残ネガとフィルム
[for KT_195,196,197,198,199,200,201]
[trans. ""Another Rainbow City"" remaining negatives and film]",,"Stored with KT_196 - KT_201 in cardboard box. No core, loose wind.",,Hi-Con positive outtakes.,,
TN_010,TK_196,Box_19,TANAAMI Keiichi,田名網敬一,ANOTHER RAINBOW CITY,もう一つの虹色都市,,,,,Tanaami Keiichi,,BW,Silent,,Film,16mm,Original / オリジナル,,Positive /　ポジ,Original / オリジナル,,,,,,,,,,,,,200ft,,,,,,,,,,"もう一つの虹色都市残ネガとフィルム
[for KT_195,196,197,198,199,200,201]
[trans. ""Another Rainbow City"" remaining negatives and film]",," No core, loose wind.",,Hi-Con positive outtakes.,,
TN_010,TK_197,Box_19,TANAAMI Keiichi,田名網敬一,ANOTHER RAINBOW CITY,もう一つの虹色都市,,,,,Tanaami Keiichi,,BW,Silent,,Film,16mm,Original / オリジナル,,Positive /　ポジ,Original / オリジナル,,,,,,,,,,,,,300ft,,,,,,,,,,"もう一つの虹色都市残ネガとフィルム
[for KT_195,196,197,198,199,200,201]
[trans. ""Another Rainbow City"" remaining negatives and film]",," No core, loose wind.",,Hi-Con positive outtakes.,,
TN_010,TK_198,Box_19,TANAAMI Keiichi,田名網敬一,ANOTHER RAINBOW CITY,もう一つの虹色都市,,,,,Tanaami Keiichi,,BW,Silent,,Film,16mm,Original / オリジナル,,Positive /　ポジ,Original / オリジナル,,,,,,,,,,,,,250ft,,,,,,,,,,"もう一つの虹色都市残ネガとフィルム
[for KT_195,196,197,198,199,200,201]
[trans. ""Another Rainbow City"" remaining negatives and film]",,"No core, loose wind.",,Hi-Con positive outtakes.,,
TN_010,TK_199,Box_19,TANAAMI Keiichi,田名網敬一,ANOTHER RAINBOW CITY,もう一つの虹色都市,,,,,Tanaami Keiichi,,BW,Silent,,Film,16mm,Original / オリジナル,,Positive /　ポジ,Original / オリジナル,,,,,,,,,,,,,250ft,,,,,,,,,,"もう一つの虹色都市残ネガとフィルム
[for KT_195,196,197,198,199,200,201]
[trans. ""Another Rainbow City"" remaining negatives and film]",,"No core, loose wind.",,Hi-Con positive outtakes.,,
TN_010,TK_200,Box_19,TANAAMI Keiichi,田名網敬一,ANOTHER RAINBOW CITY,もう一つの虹色都市,,,,,Tanaami Keiichi,,BW,Silent,,Film,16mm,Original / オリジナル,,Positive /　ポジ,Original / オリジナル,,,,,,,,,,,,,250ft,,,,,,,,,,"もう一つの虹色都市残ネガとフィルム
[for KT_195,196,197,198,199,200,201]
[trans. ""Another Rainbow City"" remaining negatives and film]",," No core, loose wind.",,Hi-Con positive outtakes.,,
TN_010,TK_201,Box_19,TANAAMI Keiichi,田名網敬一,ANOTHER RAINBOW CITY,もう一つの虹色都市,,,,,Tanaami Keiichi,,BW,Silent,,Film,16mm,Original / オリジナル,,Positive /　ポジ,Original / オリジナル,,,,,,,,,,,,,250ft,,,,,,,,,,"もう一つの虹色都市残ネガとフィルム
[for KT_195,196,197,198,199,200,201]
[trans. ""Another Rainbow City"" remaining negatives and film]",,"No core, loose wind.",,Hi-Con positive outtakes.,,
TN_011,TK_070–TK_089,Box_16,TANAAMI Keiichi,田名網敬一,ARTIFICIAL PARADISE,人工の楽園,,,,,Tanaami Keiichi,,,,,Film,16mm,,,,,,,,,,,,,,,,,,,,,,,,,,,"田名網プロ
人工の楽園
カットネガ
[for KT_070,071,072,073,074,075,076,077,078,079,080,081,082,083,084,085,086,087,088,089]
[trans. Cut negatives for Artificial Paradise]","KT_080　54030ー54116
KT_082　14032ー14151
KT_083　97384
KT_085　96284←96083
KT_087　43260ー43469
KT_089　96284←96083",,,"Many small rolls, mostly not on cores, all in one can. Did not inspect. Presumed to be outtakes/trims.",,
TN_011,TK_115,Box_7,TANAAMI Keiichi,田名網敬一,ARTIFICIAL PARADISE,人工の楽園,,,,,Tanaami Keiichi,,BW,Sound,,Film,16mm,Preservation Master / 保存用マスター,,Negative / ネガ,Track Negative /　トラックネガ,,,,,,,,,,,,,500ft,,,,,,,,,,"イメージフォーラム
人工の楽園　ネガ
音AGFA、画
カラー
10年2月28日
株式会社ヨコシネ　ディーアイエー
[備考、写真参照]
[for KT_115,116]
[trans. Image Forum; Artificial Paradise, sound negative Agfa, picture color]",,Stored with KT_116. Timing tapes included. Polyester stock. In good shape. ,,This is likely a newer master made later.,,
TN_011,TK_116,Box_7,TANAAMI Keiichi,田名網敬一,ARTIFICIAL PARADISE,人工の楽園,,,,,Tanaami Keiichi,,Color,Silent,,Film,16mm,Preservation Master / 保存用マスター,,Negative / ネガ,Internegative /　インターネガ,,,,,,,,,,,,,500ft,,,,,,,,,,"イメージフォーラム
人工の楽園　ネガ
音AGFA、画
カラー
10年2月28日
株式会社ヨコシネ　ディーアイエー
[備考、写真参照]
[for KT_115,116]
[trans. Image Forum; Artificial Paradise, sound negative Agfa, picture color]",,Acetate stock. In good shape.,,This is likely a Dupe Negative or Internegative made later. Needs inspection to figure out what it was made from (IP? Print? Etc.),,
TN_011,TK_156,Box_8,TANAAMI Keiichi,田名網敬一,ARTIFICIAL PARADISE,人工の楽園,,,,,Tanaami Keiichi,,BW,Sound,,Film,16mm,Other / 他,,Negative / ネガ,Track Negative /　トラックネガ,,,,,,,,,,,,,500ft,,,,,,,,,,"人工の楽園
ラッシュ編集済み
[trans. Arttificial Paradise edited rushes]",,Stored in paper bag.,,Looks to be spliced optical track negative work print,,
TN_011,TK_190,Box_19,TANAAMI Keiichi,田名網敬一,,人工の楽園,,,,,Tanaami Keiichi,,,,,Film,16mm,,,Magnetic /　マグネティック,,,,,,,,,,,,,,850 ft,,,,,,,,,,"磁気フィルム録音記録表
田名網プロ
人工の楽園　シネ・テープ
サウンド：16B
R-1 穴アキリーダー[2]ブツ　515feet
6/21 サウンド16BW夕方当社現像　海老原渡し
録音日：50年6月21日
録音機：VictorCSL-160
録音種別：DB
スタジオ：２
録音担当：菊地、梅林",,"Fullcoat mag. Equipment: Victor CSL-160, fair, definite vinegar smell",,,,
TN_012,TK_040,Box_13,TANAAMI Keiichi,田名網敬一,BLACK CAT,黒猫,,,,,Tanaami Keiichi,,,Sound,,Film,16mm,Original / オリジナル,,Magnetic /　マグネティック,Original / オリジナル,,,,,,,,,,,,,275ft,,,,,,,,,,"黒猫
（シネテープ在中）
田名網プロ
題名；ネコ
47年10月14日
録音機；CISIL-160　録音担当者；高田
１KC、７KC　16ｍｍ　BW
9-1 M only ブシナシ　105feet

指示書；
録音様
光学にリコレの際、コヨリ→コヨリ間シネテープで聞くと音が低いのでお手数ですが、前後のカットとレベルを入れてください。
月曜夕便届け
",,Severe acetate decomp. Film is warping,,16mm fullcoat track,,
TN_012,TK_046,Box_13,TANAAMI Keiichi,田名網敬一,BLACK CAT,黒猫,,,,,Tanaami Keiichi,,Color,Silent,,Film,16mm,Original / オリジナル,,Negative / ネガ,Original / オリジナル,,,,,,,,,,,,,50ft,,,,,,,,,,"黒猫　1972-10
11PM・アニメーション・2分45秒
ネが・光ネガ
田名網敬一
EK・7254
[for KT_046,047]
trans. Black Cat, 1972.10, 11pm, Animation, 2:45min, negative, optical negative]",,Stored with KT_047. No core. ,,Needs inspection. Possibly Internegative or Dupe Negative. No splices?,,
TN_012,TK_047,Box_13,TANAAMI Keiichi,田名網敬一,BLACK CAT,黒猫,,,,,Tanaami Keiichi,,BW,Sound,,Film,16mm,Original / オリジナル,,Negative / ネガ,Track Negative /　トラックネガ,,,,,,,,,,,,,50 ft,,,,,,,,,,"黒猫　1972-10
11PM・アニメーション・2分45秒
ネが・光ネガ
田名網敬一
EK・7254
[for KT_046,047]
trans. Black Cat, 1972.10, 11pm, Animation, 2:45min, negative, optical negative]",,Good condition,,Original track negative,,
TN_013,TK_097,Box_7,TANAAMI Keiichi,田名網敬一,CASABLANCA,カサブランカ,,,,,Tanaami Keiichi,,Color,Sound,,Film,16mm,Exhibition/Museum Print /展覧・所蔵プリント,,Positive /　ポジ,Print /　プリント,,,,,,,,,,,,,375ft,,,,,,,,,,カラー、カサブランカ,[no info],Vinegar syndrome. Faded print.,,,,
TN_013,TK_098,Box_7,TANAAMI Keiichi,田名網敬一,CASABLANCA,カサブランカ,,,,,Tanaami Keiichi,,Color,Sound,,Film,16mm,Exhibition/Museum Print /展覧・所蔵プリント,,Positive /　ポジ,Print /　プリント,,,,,,,,,,,,,375ft,,,,,,,,,,"田名網プロ
カラー
カサブランカ　初号
株式会社ハイラボセンター",,Faded print.,,,,
TN_013,TK_140,Box_17,TANAAMI Keiichi,田名網敬一,CASABLANCA,カサブランカ,,,,,Tanaami Keiichi,,BW,Sound,,Film,16mm,Original / オリジナル,,Negative / ネガ,Track Negative /　トラックネガ,,,,,,,,,,,,,350ft,,,,,,,,,,田名網プロ　カサブランカ　ネガ　画＋音　全１巻　第１巻　カサブランカ　EKCP,[no info],Stored with KT_141. Severe vinegar syndrome. Beginning to spoke. Crazing in image.,,Original optical track negative.,,
TN_013,TK_141,Box_17,TANAAMI Keiichi,田名網敬一,CASABLANCA,カサブランカ,,,,,Tanaami Keiichi,,Color,Silent,,Film,16mm,Original / オリジナル,,Negative / ネガ,Original / オリジナル,,,,,,,,,,,,,350ft,,,,,,,,,,田名網プロ　カサブランカ　ネガ　画＋音　全１巻　第１巻　カサブランカ　EKCP,[no info],"Vinegar. Sticky. Should be seperated from track negative, which has much worse V.S.",,Cut color negative original.,,
TN_013,TK_177,Box_8,TANAAMI Keiichi,田名網敬一,,カサブランカ,,,,,Tanaami Keiichi,,,,,Audio,¼ in audio tape (reel to reel),Original / オリジナル,,,,,,,,,,,,,,,,,,,,,,,,,,"頭　1KHZ.7KHZ　oVu
リーダー②ブツ
録音機　SONY-BS-4M
TAPE Spped 38cm/sec
NAB
担当　菊地
16mmBワインド
(テープ)オリジナル",,,,,,
TN_014,TK_206,Box_18,TANAAMI Keiichi,田名網敬一,COMMERCIAL WAR,コマーシャル・ウォー,,,,,Tanaami Keiichi,,Color,Silent,,Film,16mm,Original / オリジナル,,Negative / ネガ,Original / オリジナル,,,,,,,,,,,,,200ft,,,,,,,,,,"コマーシャル・ウォー、画、音、原版、ネガのコンディション非常に良い、2002年にプリント
[trans. ""Commerical War"" Picture, sound, original, negative's condition is very good, printed in 2002.]",コマーシャル・ウォー、画ネガ,Vinegar. Sticky. ,,Cut original color negative.,,
TN_014,TK_207,Box_18,TANAAMI Keiichi,田名網敬一,COMMERCIAL WAR,コマーシャル・ウォー,,,,,Tanaami Keiichi,,BW,Sound,,Film,16mm,Original / オリジナル,,Negative / ネガ,Track Negative /　トラックネガ,,,,,,,,,,,,,200ft,,,,,,,,,,"コマーシャル・ウォー、画、音、原版、ネガのコンディション非常に良い、2002年にプリント
[trans. ""Commerical War"" Picture, sound, original, negative's condition is very good, printed in 2002.]",コマーシャル・ウォー、音ネガ,Vinegar. Sticky. ,,Original track negative.,,
TN_014,TK_192,Box_19,TANAAMI Keiichi,田名網敬一,,"コマーシャル・ウォー
SHE",,,,,Tanaami Keiichi,,,,,Film,16mm,,,Magnetic /　マグネティック,,,,,,,,,,,,,,650 ft,,,,,,,,,,"磁気フィルム録音記録表
田名網プロ
サウンド：16B
コマーシャル・ウォー(アニメーション)
R-1 165F②ブツ　オプチカル
SHE
R-1 310F②ブツ　コンマグ
録音日：46年11月1日
録音機：CSL-160
録音種別：DB
スタジオ：5
録音担当：朝島",,"Fullcoat mag. Poor condition, vinegar syndrome, film beginning to curl, hockey pucking",,,,
TN_014,TK_208,Box_18,TANAAMI Keiichi,田名網敬一,scrap film,コマーシャル・ウォー,,コマーシャル・ウォー,,,Tanaami Keiichi,,,,,Film,16mm,,,,,,,,,,,,,,,,,,,,,,,,,,,"コマーシャル・ウォー、画、音、原版、ネガのコンディション非常に良い、2002年にプリント
[trans. ""Commerical War"" Picture, sound, original, negative's condition is very good, printed in 2002.]",,,,,,
TN_014,TK_209,Box_18,TANAAMI Keiichi,田名網敬一,scrap film,コマーシャル・ウォー,,コマーシャル・ウォー,,,Tanaami Keiichi,,,,,Film,16mm,,,,,,,,,,,,,,,,,,,,,,,,,,,"コマーシャル・ウォー、画、音、原版、ネガのコンディション非常に良い、2002年にプリント
[trans. ""Commerical War"" Picture, sound, original, negative's condition is very good, printed in 2002.]",,,,,,
TN_015,TK_202,Box_18,TANAAMI Keiichi,田名網敬一,CRAYON ANGEL,CRAYON ANGEL,,,,,Tanaami Keiichi,,BW,Sound,,Film,16mm,Preservation Master / 保存用マスター,,Negative / ネガ,Track Negative /　トラックネガ,,,,,,,,,,,,,100ft,,,,,,,,,,"カラー、2010年11月12日、CRAYON ANGEL、補正した切なもの、ネガ、YOKOCINE LASERSOUND ND=2.34, 指定濃度IR=1.20
[trans. Color; 2010.11.12; restored, negative]",S TOP,Stored with KT_203 - KT_205. Polyester stock. Excellent shape. With timing tapes.,,Newer track negative.,,
TN_015,TK_203,Box_18,TANAAMI Keiichi,田名網敬一,CRAYON ANGEL,CRAYON ANGEL,,,,,Tanaami Keiichi,,Color,Silent,,Film,16mm,Preservation Master / 保存用マスター,,Negative / ネガ,Internegative /　インターネガ,,,,,,,,,,,,,100ft,,,,,,,,,,"カラー、2010年11月12日、CRAYON ANGEL、補正した切なもの、ネガ、YOKOCINE LASERSOUND ND=2.34, 指定濃度IR=1.20",P TOP,Excellent shape.,,"Likely and internegative, made recently. Inspect to figure out what this was made from.",,
TN_015,TK_204,Box_18,TANAAMI Keiichi,田名網敬一,scrap film,CRAYON ANGEL,CRAYON ANGEL,,,,Tanaami Keiichi,,,,,Film,16mm,,,,,,,,,,,,,,,,,,,,,,,,,,,"カラー、2010年11月12日、CRAYON ANGEL、補正した切なもの、ネガ、YOKOCINE LASERSOUND ND=2.34, 指定濃度IR=1.20",,,,,,
TN_015,TK_205,Box_18,TANAAMI Keiichi,田名網敬一,scrap film,CRAYON ANGEL,CRAYON ANGEL,,,,Tanaami Keiichi,,,,,Film,16mm,,,,,,,,,,,,,,,,,,,,,,,,,,,"カラー、2010年11月12日、CRAYON ANGEL、補正した切なもの、ネガ、YOKOCINE LASERSOUND ND=2.34, 指定濃度IR=1.20",,,,,,
TN_016,TK_102,Box_7,TANAAMI Keiichi,田名網敬一,DREAM CATALOGUE,,,,,,Tanaami Keiichi,,Color,Sound,,Film,16mm,Exhibition/Museum Print /展覧・所蔵プリント,,Positive /　ポジ,Print /　プリント,,,,,,,,,,,,,1000ft,,,,,,,,,,"DREAM CATALOGUE, 16mm 30min (1984), 非常に良い、色も上映できる。
[trans. Very well; color also; able to screen.]",[no info],"Loose wind, should be rewound. Does not smell vinegar'd. Color looks good! Stored in shipping container.",,,,
TN_017,TK_045,Box_13,TANAAMI Keiichi,田名網敬一,FLICKER LOVE,フリッカーラブ,,,,,Tanaami Keiichi,,Color,Silent,,Film,16mm,Original / オリジナル,,Negative / ネガ,Original / オリジナル,,,,,,,,,,,,,50ft,,,,,,,,,,"フリッカー・ラブ
ネガ画
PUSSYのタイトル
[for KT_043,044,045]
[trans. Flicker Love, Negative picture, Pussy Title]","KT_045　フリッカー・ラブ　ネガ
[trans. Flicker Love negative]",Good condition,,"Needs inspection. Leader does not say FLICKER LOVE but can does. Doesn't apper to have splices, check that this isn't an IN",,
TN_018,TK_113,Box_7,TANAAMI Keiichi,田名網敬一,FRANKENSTEIN,フランケンシュタイン,,,,,Tanaami Keiichi,,Color,Silent,,Film,16mm,Original / オリジナル,,Negative / ネガ,Original / オリジナル,,,,,,,,,,,,,450ft,,,,,,,,,,"フランケンシュタイン
画、音　16mm　原版
53.4.17
54・24＋B10 +G4 ＋R4→EK　S.F
[for KT_113,114]
[trans. Picture, sound, 16mm, original]","KT_113　田名網敬一　画頭
[trans. picture top]",Stored with KT_114. Vinegar/Sticky. Possible minor mold. Timing tapes included.,,Cut original negative. Splices throughout.,,
TN_018,TK_114,Box_7,TANAAMI Keiichi,田名網敬一,FRANKENSTEIN,フランケンシュタイン,,,,,Tanaami Keiichi,,BW,Sound,,Film,16mm,Original / オリジナル,,Negative / ネガ,Track Negative /　トラックネガ,,,,,,,,,,,,,450ft,,,,,,,,,,"フランケンシュタイン
画、音　16mm　原版
53.4.17
54・24＋B10 +G4 ＋R4→EK　S.F
[for KT_113,114]
[trans. Picture, sound, 16mm, original]","KT_114　田名網敬一　音尻
[trans. Sound bottom]","Vinegar/sticky. Warped/spoking. Severe decomposition, starting to craze. Possible minor mold.",,Original optical track negative. Splices throughout.,,
TN_018,TK_153,Box_８,TANAAMI Keiichi,田名網敬一,FRANKENSTEIN,フランケンシュタイン,,,,,Tanaami Keiichi,,,,,Audio,¼ in audio tape (reel to reel),Unknown / 不明,,,,,,19cm/sec,Scotch 3M,7 inch ,100%,,,,,,,,,,,,,,,,,"Title; フランケンシュタイン DB 
Data; 53年4月16日　Engineer;菊地
Recorder; ナブラⅢ,50Hz
Speed; 19cm/sec
R-1　リーダー②ブツ
巻頭７KHｚ、１KHｚ
*50Hz パルス入り

株式会社ハイラボセンター
MES音響工房",,,,,,
TN_019,TK_019,Box_1,TANAAMI Keiichi,田名網敬一,GET BACK ON THE HILL,あの丘に帰ろう,,,,,Tanaami Keiichi,,,Sound,,Film,16mm,Original / オリジナル,,Negative / ネガ,Track Negative /　トラックネガ,,,,,,,,,,,,,425ft,,,,,,,,,,"田名網プロ
４R
あの丘に帰ろう
イロハ-63

GET BACK ONTHE HILL
画、ネが
音、ネが
タイトル、ネガ
[for KT_019,020,021,022,023]","KT_019　音ネガTOP　田名網プロ
[Trans. Sound negative TOP]",Stored with KT-020 - KT_023. Sticky with Vinegar Smell. Looks shrunken,,Original optical track negative. Some splices.,,
TN_019,TK_020,Box_1,TANAAMI Keiichi,田名網敬一,GET BACK ON THE HILL,あの丘に帰ろう,,,,,Tanaami Keiichi,,BW,Silent,,Film,16mm,Original / オリジナル,,Positive /　ポジ,Original / オリジナル,,,,,,,,,,,,,425ft,,,,,,,,,,"田名網プロ
４R
あの丘に帰ろう
イロハ-63

GET BACK ONTHE HILL
画、ネが
音、ネが
タイトル、ネガ
[for KT_019,020,021,022,023]","KT_020　マスク　ハ　TOP　田名網プロ
[Trans. Mask ""Ha"" (""C"") TOP]",Sticky with vinegar smell.,,"""Mask C"". On B&W positive stock. Not sure if image is neg or pos, but likely a printing masking.",,
TN_019,TK_021,Box_1,TANAAMI Keiichi,田名網敬一,GET BACK ON THE HILL,あの丘に帰ろう,,,,,Tanaami Keiichi,,,,,Film,16mm,,,,,,,,,,,,,,,,,425ft,,,,,,,,,,"田名網プロ
４R
あの丘に帰ろう
イロハ-63

GET BACK ONTHE HILL
画、ネが
音、ネが
タイトル、ネガ
[for KT_019,020,021,022,023]","KT_021　マスク　イ　TOP　田名網プロ
[Trans. Mask ""I"" (""A"") TOP]",Sticky with vinegar smell.,,"""Mask A"". On B&W positive stock. Not sure if image is neg or pos, but likely a printing masking.",,
TN_019,TK_022,Box_1,TANAAMI Keiichi,田名網敬一,GET BACK ON THE HILL,あの丘に帰ろう,,,,,Tanaami Keiichi,,,,,Film,16mm,,,,,,,,,,,,,,,,,25ft,,,,,,,,,,"田名網プロ
４R
あの丘に帰ろう
イロハ-63

GET BACK ONTHE HILL
画、ネが
音、ネが
タイトル、ネガ
[for KT_019,020,021,022,023]",,Sticky with vinegar smell.,,"Looks to be credits, original on hi-con stock.",,
TN_019,TK_023,Box_1,TANAAMI Keiichi,田名網敬一,GET BACK ON THE HILL,あの丘に帰ろう,,,,,Tanaami Keiichi,,,,,Film,16mm,,,,,,,,,,,,,,,,,425ft,,,,,,,,,,"田名網プロ
４R
あの丘に帰ろう
イロハ-63

GET BACK ONTHE HILL
画、ネが
音、ネが
タイトル、ネガ
[for KT_019,020,021,022,023]","KT_023　マスク　ロ　TOP　田名網プロ
[Trans. Mask""Ro"" (""B"") TOP]",Sticky with vinegar smell.,,"""Mask B"". On B&W positive stock. Not sure if image is neg or pos, but likely a printing masking.",,
TN_019,TK_176,Box_8,TANAAMI Keiichi,田名網敬一,,あの丘に帰ろう,,,,,Tanaami Keiichi,,,Sound Mono / モノ,,Audio,¼ in audio tape (reel to reel),Original / オリジナル,,,,,,38cm/sec,SONY SOH,7 inch,70%,,,,,,,,,,,,,,,,,"1974年5月30日
四畳半スタジオ
録音機：A-7030 NAB
速度：38cm/sec
MONO
マザー（オリジナル）
[画像参照]",,Good,,"Recording equipment NAB A-7030, 6 segments ",,
TN_021,TK_242,Box_18,TANAAMI Keiichi,田名網敬一,GOOD-BY ELVIS AND USA,GOOD-BY ELVIS AND USA,,,,,Tanaami Keiichi,,Color,Silent,,Film,16mm,Preservation Master / 保存用マスター,,Negative / ネガ,Internegative /　インターネガ,,,,,,,,,,,,,300ft,,,,,,,,,,"カラー、20年11月5日、GOOD BYE ELVis and U.S.A.、ネガ2008年11月新しいネガ、画、音
[trans. Color, 2008.11.5, new negative, picture, sound]",P END,Stored with KT_243. In excellent shape. Acetate stock.,,Newer internegative/dupe negative. Inspect to see what this was made from.,,
TN_021,TK_243,Box_18,TANAAMI Keiichi,田名網敬一,GOOD-BY ELVIS AND USA,GOOD-BY ELVIS AND USA,,,,,Tanaami Keiichi,,BW,Sound,,Film,16mm,Preservation Master / 保存用マスター,,Negative / ネガ,Track Negative /　トラックネガ,,,,,,,,,,,,,300ft,,,,,,,,,,"カラー、20年11月5日、GOOD BYE ELVis and U.S.A.、ネガ2008年11月新しいネガ、画、音
[trans. Color, 2008.11.5, new negative, picture, sound]","音終
[trans. Sound end]",Polyester stock. In excellent shape.,,Newer optical track negative. ,,
TN_021,TK_270,Box_11,TANAAMI Keiichi,田名網敬一,GOOD-BY ELVIS AND USA,GOOD-BY ELVIS AND USA,,,,,Tanaami Keiichi,,Color,Sound,,Film,35mm,Exhibition/Museum Print /展覧・所蔵プリント,,Positive /　ポジ,Print /　プリント,,,,,,,,,,,,,600ft,,,,,,,,,,"GOOD BYE ELVIS AND USA, 35mm, Color, 630 ft, サヨナラ・エルヴィス・プレスリー、35ミリ、７分、アニメーション、イーストマン・カラープリント",,"Heavy vinegar syndrome. No core, loose wind. Strings attached throughout. Faded print.",,Looks to be a blow-up print. Was there a 35mm negative?,,
TN_021,TK_169,Box_8,TANAAMI Keiichi,田名網敬一,Goodbye Elvis!!,,,,,,Tanaami Keiichi,,,Mono,,Audio,¼ in audio tape (reel to reel),Original,,,,,,38 cm / sec,Agfa Gavaert,7 inch,50%,,,,,,,,,,,,,,,,,"goodby Elvis!!
11月4日
完パケ　マザー
雑音製作
にしおかたかし
MONO 38cm/sec NAB",,,,,,
TN_022,TK_248,Box_11,TANAAMI Keiichi,田名網敬一,GOOD-BY MARILYN,GOOD-BY MARILYN,,,,,Tanaami Keiichi,,Color,Silent,,Film,16mm,Preservation Master / 保存用マスター,,Negative / ネガ,Internegative /　インターネガ,,,,,,,,,,,,,175ft,,,,,,,,,,"カラー、20年11月5日、GOOD BYE MARiLYN、ネガ（新しいネガ2008、11月）、画、音
[trans. Color, 2008, negative (new negative) picture, sound]",画,Stored with KT_249. Acetate stock. Excellent condtion,,Newer internegative. Should inspect to see what this was made from.,,
TN_022,TK_249,Box_11,TANAAMI Keiichi,田名網敬一,GOOD-BY MARILYN,GOOD-BY MARILYN,,,,,Tanaami Keiichi,,BW,Sound,,Film,16mm,Preservation Master / 保存用マスター,,Negative / ネガ,Track Negative /　トラックネガ,,,,,,,,,,,,,175ft,,,,,,,,,,"カラー、20年11月5日、GOOD BYE MARiLYN、ネガ（新しいネガ2008、11月）、画、音
[trans. Color, 2008, negative (new negative) picture, sound]",音,Polyester stock. Excellent condtion.,,Newer track negative.,,
TN_023,TK_001,Box_1,TANAAMI Keiichi,田名網敬一,GREEN-RED,,,,,,Tanaami Keiichi,,BW,Silent,,Film,16mm,Other / 他,,Unknown / 不明,Original / オリジナル,,,,,,,,,,,,,400ft,,,,,,,,,,"GREEN-RED
オリジナルネガ
ネガ、ポジ→男と女
3本
[for KT_001, 002]
[Trans: Original negative, negative, positive (Man and Woman)] ",KT_001　6･23　MN2 ,This reel has no core. Stored with KT_002,,"Looks to be on hi-con stock, possibly mattes and/or titles. Should be inspected.",,
TN_023,TK_002,Box_1,TANAAMI Keiichi,田名網敬一,GREEN-RED,,,,,,Tanaami Keiichi,,BW,Silent,,Film,16mm,Other / 他,,Negative / ネガ,Dupe Negative /　デュープネガ,,,,,,,,,,,,,400ft,,,,,,,,,,"GREEN-RED
オリジナルネガ
ネガ、ポジ→男と女
3本
[for KT_001, 002]
[Trans: Original negative, negative, positive (Man and Woman)] ",,Stored with KT_001,,"Looks to be a B&W Dupe Negative, double perf. Inspect to ensure it isn't an original negative by checking for splices.",,
TN_023,TK_039,Box_13,TANAAMI Keiichi,田名網敬一,GREEN-RED,,,,,,Tanaami Keiichi,,,Silent,,Film,16mm,Exhibition/Museum Print /展覧・所蔵プリント,,Positive /　ポジ,Print /　プリント,,,,,,,,,,,,,350ft,,,,,,,,,,"プリント
PUSSY（色のウスいフィルム）
田名網敬一
村田定之
[for KT_038,039]
[trans. PUSSY (faded film)]",KT_039  GREEN RED TOP,,,Faded magenta print. No optical track on this print.,,
TN_023,TK_053,Box_13,TANAAMI Keiichi,田名網敬一,GREEN-RED,,,,,,Tanaami Keiichi,,,,,Audio,¼ in audio tape (reel to reel),,,,,,,,,,,,,,,,,,,,,,,,,,,"M-1「イスの二人」用　15分5秒程度
GREEN・RED
M２「ポートレート」用　16分15秒程度
38cm/sec　NAB.Full
注；リールはそにまま頭順に出ます！！
マザー
[trans. M-1 for ""Two people on chairs,"" 15:05min, Green-Red; M-2 for ""portrait,"" 16:15min, Mother]
",,Good condition,,"1/4"" open reel audio for GREEN-RED. Large size.",,
TN_023,TK_067,Box_16,TANAAMI Keiichi,田名網敬一,GREEN-RED,,,,,,Tanaami Keiichi,,BW,Silent,,Film,16mm,,,Positive /　ポジ,,,,,,,,,,,,,,400ft,,,,,,,,,,"明治神宮、GREEN・RED（男と女）、ネガ・ポジ、キャンセル分、（浜町）東京テレビセンター、営業、小久保様、35mm->16mmポジ１本（B・W）縮小願います。村田
[for KT_067, 068]
[trans. Meiji Jingu Shrine; Green-Red (Man and Woman); Negative, Positive, for cancelation; (Hamamachi town) Tokyo Television Center; Mr. Okubo: 35mm-16mm 1 positive (b/w), please reduce.]",[no info],Stored with KT_068. Vinegar. Loose wind.,,Hi Con Positive. Outtake?,,
TN_023,TK_068,Box_16,TANAAMI Keiichi,田名網敬一,GREEN-RED,,,,,,Tanaami Keiichi,,BW,Silent,,Film,16mm,,,Positive /　ポジ,,,,,,,,,,,,,,400ft,,,,,,,,,,"明治神宮、GREEN・RED（男と女）、ネガ・ポジ、キャンセル分、（浜町）東京テレビセンター、営業、小久保様、35mm->16mmポジ１本（B・W）縮小願います。村田
[for KT_067, 068]
[trans. Meiji Jingu Shrine; Green-Red (Man and Woman); Negative, Positive, for cancelation; (Hamamachi town) Tokyo Television Center; Mr. Okubo: 35mm-16mm 1 positive (b/w), please reduce.]",[no info],Vinegar. Loose wind.,,Hi Con Positive. Outtake?,,
TN_023,TK_117,Box_7,TANAAMI Keiichi,田名網敬一,GREEN-RED,,,,,,Tanaami Keiichi,,BW,Silent,,Film,16mm,Original / オリジナル,,Positive /　ポジ,Original / オリジナル,,,,,,,,,,,,,400ft,,,,,,,,,,"GREEN・RED
ネガ、マスク
ポジ、マスク（タイトル）
音
[for KT_117,118,119,120,121]
[trans. Negative, mask, positive mast (title), sound]","KT_117　GREEN・RED　ポジ　マスク
[trans. Positive mask]",Stored with KT_118 - KT_121. Severe vinegar syndrome. Starting to curl.,,"Hi-Con positive? Some splices. Labeled ""B""",,
TN_023,TK_118,Box_7,TANAAMI Keiichi,田名網敬一,GREEN-RED,,,,,,Tanaami Keiichi,,BW,Silent,,Film,16mm,Original / オリジナル,,Positive /　ポジ,Original / オリジナル,,,,,,,,,,,,,400ft,,,,,,,,,,"GREEN・RED
ネガ、マスク
ポジ、マスク（タイトル）
音
[for KT_117,118,119,120,121]
[trans. Negative, mask, positive mast (title), sound]","KT_118　GREEN・RED　ネガ　マスク
[trans. Negative mask]",Severe vinegar syndrome. Major curling and spoking.,,"Labeled ""A""",,
TN_023,TK_119,Box_7,TANAAMI Keiichi,田名網敬一,GREEN-RED,,,,,,Tanaami Keiichi,,BW,Silent,,Film,16mm,Original / オリジナル,,Positive /　ポジ,Original / オリジナル,,,,,,,,,,,,,400ft,,,,,,,,,,"GREEN・RED
ネガ、マスク
ポジ、マスク（タイトル）
音
[for KT_117,118,119,120,121]","KT_119　２人オリジナルネガ　ポジ　Bロール
[trans. Two person original negative, positive B roll""
",Smells of vinegar. Not as bad as rest in can.,,"Labeled ""Posi B"". Perhaps a positive hi-con master of the film?",,
TN_023,TK_120,Box_7,TANAAMI Keiichi,田名網敬一,GREEN-RED,,,,,,Tanaami Keiichi,,BW,Silent,,Film,16mm,Original / オリジナル,,Positive /　ポジ,Original / オリジナル,,,,,,,,,,,,,less than 25ft,,,,,,,,,,"GREEN・RED
ネガ、マスク
ポジ、マスク（タイトル）
音
[for KT_117,118,119,120,121]
[trans. Negative, mask, positive mast (title), sound]",KT_120　VTN,"Loose wind, no core. ",,Looks to be hi-con titles.,,
TN_023,TK_121,Box_7,TANAAMI Keiichi,田名網敬一,GREEN-RED,,,,,,Tanaami Keiichi,,BW,Silent,,Film,16mm,Original / オリジナル,,Positive /　ポジ,Original / オリジナル,,,,,,,,,,,,,less than 25ft,,,,,,,,,,"GREEN・RED
ネガ、マスク
ポジ、マスク（タイトル）
音
[for KT_117,118,119,120,121]
[trans. Negative, mask, positive mast (title), sound]",KT_121　6/23　MP3　16,"Loose wind, no core. ",,Looks to be hi-con titles.,,
TN_024,TK_041,Box_13,TANAAMI Keiichi,田名網敬一,HUMAN PATTERN,人間模様,,,,,Tanaami Keiichi,,Color,Silent,,Film,16mm,Original / オリジナル,,Negative / ネガ,Original / オリジナル,,,,,,,,,,,,,200ft,,,,,,,,,,"人間模様
ネガ、Aロール、Bロール
[for KT_041,042]",,Stored with KT_042. Good condition,,"""A-Roll"" Cut Original",,
TN_024,TK_042,Box_13,TANAAMI Keiichi,田名網敬一,HUMAN PATTERN,人間模様,,,,,Tanaami Keiichi,,Color,Silent,,Film,16mm,Original / オリジナル,,Negative / ネガ,Original / オリジナル,,,,,,,,,,,,,200ft,,,,,,,,,,"人間模様
ネガ、Aロール、Bロール
[for KT_041,042]
[trans. Negative A roll, B roll]",,Good condition,,"""B-Roll"" Cut Original",,
TN_024,TK_187,Box_19,TANAAMI Keiichi,田名網敬一,,"人間模様
LOOK AT THE WOOD",,,,,Tanaami Keiichi,,,Sound Mono / モノ,,Audio,¼ in audio tape (reel to reel),Original / オリジナル,,,,,,38cm/sec,Scotch 3M,12 inch,80%,,,,,,,,,,,,,,,,,"M-1, 11 人間模様 音上り5分50秒
M-2, 6  LOOK AT THE WOOD 音上り12分42秒
38 cm/sec フルトラ・モノラル
にしおかたかし
マザー

人間模様
辻村和子氏　5分
1975 6/20
[画像参照]",,Good,,"NAB HUB, Full track, 2 segments M-1 人間模様、M２光景",,
TN_024,TK_221,Box_15,TANAAMI Keiichi,田名網敬一,,人間模様,,,,,Tanaami Keiichi,,,,,Film,16mm,,,,,,,,,,,,,,,,,,,,,,,,,,,,プリント（音なし）、人間模様、こ０ティングしてタイトルつける。注３本の内の一本、Bロール,,,No case; On Reel,,
TN_024,TK_255,Box_14,TANAAMI Keiichi,田名網敬一,,人間模様,,,,,Tanaami Keiichi,,,,,Film,16mm,,,,,,,,,,,,,,,,,,,,,,,,,,,音直し済み、人間模様,,On reel,,,,
TN_025,TK_026,Box_13,TANAAMI Keiichi,田名網敬一,JAMPOT,JAMPOT,,,,,Tanaami Keiichi,,BW,Silent,,Film,16mm,,,Positive /　ポジ,,,,,,,,,,,,,,750ft,,,,,,,,,,"JAMPOT
マスク [for KT_026,027]",,Stored with KT_027. Head leader is not spliced on. Looks like very few splices.,,"""Mask"". Positive print mask?",,
TN_025,TK_027,Box_13,TANAAMI Keiichi,田名網敬一,JAMPOT,JAMPOT,,,,,Tanaami Keiichi,,BW,Silent,,Film,16mm,,,Positive /　ポジ,,,,,,,,,,,,,,850ft,,,,,,,,,,"JAMPOT
マスク [for KT_026,027]",,,,Positive print? Mask?,,
TN_025,TK_052,Box_13,TANAAMI Keiichi,田名網敬一,JAMPOT,JAMPOT,,,,,Tanaami Keiichi,,,,,Audio,¼ in audio tape (reel to reel),,,,,,,,,,,,,,,,,,,,,,,,,,,"「長もの」（竹ヤブ用）24分45秒
38cm/sec　NAB.Full
注；リールはそにまま頭順に出ます！！
マザー
加藤和彦＆にしお　ST
[写真参照]
[trans. ""Nagamono"" (""lengthy"") (for bamboo use) 24:45min; reel will appear at the top; Mother; Kato Kazuhiko & Nishio ST, [see photo]]",,Good condition,,"1/4"" open reel audio tape. Taanami confirmed this goes with JAMPOT, even though not labeled ""MOTHER""? Large size.",,
TN_025,TK_127,Box_17,TANAAMI Keiichi,田名網敬一,JAMPOT,JAMPOT,,,,,Tanaami Keiichi,,BW,Silent,,Film,16mm,Original / オリジナル,,Positive /　ポジ,Original / オリジナル,,,,,,,,,,,,,850ft,,,,,,,,,,"JAMPOTマスク
[trans. JAMPOT Mask]",KT_127 6/24 MN-2,Stored with KT_128 - KT_129. Doesn't smell vinegar. Double perf,,Hi-Con positive masks?,,
TN_025,TK_128,Box_17,TANAAMI Keiichi,田名網敬一,JAMPOT,JAMPOT,,,,,Tanaami Keiichi,,BW,Silent,,Film,16mm,Original / オリジナル,,Positive /　ポジ,Original / オリジナル,,,,,,,,,,,,,850ft,,,,,,,,,,"JAMPOTマスク
[trans. JAMPOT Mask]",ネガAロール,Doesn't smell vinegar. Double perf,,Hi-Con positive masks?,,
TN_025,TK_129,Box_17,TANAAMI Keiichi,田名網敬一,JAMPOT,JAMPOT,,,,,Tanaami Keiichi,,BW,Silent,,Film,16mm,Original / オリジナル,,Positive /　ポジ,Original / オリジナル,,,,,,,,,,,,,850ft,,,,,,,,,,"JAMPOTマスク
[trans. JAMPOT Mask]",6/23 MP-2,Doesn't smell vinegar. Double perf,,Hi-Con positive masks?,,
TN_025,TK_132,Box_17,TANAAMI Keiichi,田名網敬一,JAMPOT,JAMPOT,,,,,Tanaami Keiichi,,BW,Silent,,Film,16mm,Original / オリジナル,,Positive /　ポジ,Original / オリジナル,,,,,,,,,,,,,25ft,,,,,,,,,,,,"No core, loose wind.",,"Hi-Con positive? Looks to be head titles, possibly trims.",,
TN_025,TK_133,Box_17,TANAAMI Keiichi,田名網敬一,JAMPOT,JAMPOT,,,,,Tanaami Keiichi,,BW,Silent,,Film,16mm,Original / オリジナル,,Positive /　ポジ,Original / オリジナル,,,,,,,,,,,,,800ft,,,,,,,,,,,,Loose wind.,,Hi Con Positive. Likely masks.,,
TN_025,TK_134,Box_17,TANAAMI Keiichi,田名網敬一,JAMPOT,JAMPOT,,,,,Tanaami Keiichi,,BW,Silent,,Film,16mm,Original / オリジナル,,Negative / ネガ,Original / オリジナル,,,,,,,,,,,,,800ft,,,,,,,,,,,,Loose wind. Head leader is not attached.,,Negative or Dupe negative. Does not look to be cut original or master. Working material?,,
TN_025,TK_138,Box_17,TANAAMI Keiichi,田名網敬一,JAMPOT,JAMPOT,,,,,Tanaami Keiichi,,BW,Silent,,Film,16mm,Original / オリジナル,,Positive /　ポジ,Original / オリジナル,,,,,,,,,,,,,850ft,,,,,,,,,,JAMPOTマスク 焼付済　ネガ液,ジャムポット NEGAマスク　POSIマスク 各IR,Stored with KT_139. Vinegar smell.,,B&W Hi-Con positive.,,
TN_025,TK_139,Box_17,TANAAMI Keiichi,田名網敬一,JAMPOT,JAMPOT,,,,,Tanaami Keiichi,,BW,Silent,,Film,16mm,Original / オリジナル,,Positive /　ポジ,Original / オリジナル,,,,,,,,,,,,,850ft,,,,,,,,,,JAMPOTマスク 焼付済　ネガ液,[no info],Vinegar smell.,,B&W Hi-Con positive.,,
TN_026,TK_028,Box_13,TANAAMI Keiichi,田名網敬一,JEKYLL AND HYDE,ジキルとハイド,,,,,Tanaami Keiichi,,Color,Silent,,Film,16mm,Original / オリジナル,,Negative / ネガ,Original / オリジナル,,,,,,,,,,,,,500ft,,,,,,,,,,"画ネガ　音ネガ
16mm
ネガ　52年10月17日
田名網プロ [for KT_028,029]",,Stored with KT_029. Sticky with vinegar,,"This is the cut original negative, single strand.",,
TN_026,TK_029,Box_13,TANAAMI Keiichi,田名網敬一,JEKYLL AND HYDE,ジキルとハイド,,,,,Tanaami Keiichi,,BW,Sound,,Film,16mm,Original / オリジナル,,Negative / ネガ,Track Negative /　トラックネガ,,,,,,,,,,,,,500ft,,,,,,,,,,"画ネガ　音ネガ
16mm
ネガ　52年10月17日
田名網プロ [for KT_028,029]",KT_029　ジキルとハイド　音尻　田名網プロ,Bad vinegar syndrome. Reel is spoking and should be tight wound.,,This is the original optical track negative.,,
TN_026,TK_159,Box_8,TANAAMI Keiichi,田名網敬一,JEKYLL AND HYDE,ジキルとハイド,,,,,Tanaami Keiichi,,,,,Film,16mm,Unknown / 不明,,Negative / ネガ,,,,,,,,,,,,,,550 ft,,,,,,,,,,"Title;ジキルとハイド
No.ofREELS; ラッシュと音
Reel;残ネガ

KT_160
Title;ジキルとハイド
Data; 52年10月16日　TEA-スタジオ
Recorder; NAGRA
Speed; 19cm/sec

DBマザー　Bワインド
OSC ７KHｚ,１KHｚ
ナグラ撮り
スタートマーク　３”
[for KT_159, 160]
[trans. Rushes and sound Reel, negatives left overs; DB Mother; B-wind; Nagra; Start mark 3""]",,,,,,
TN_026,TK_160,Box_8,TANAAMI Keiichi,田名網敬一,JEKYLL AND HYDE,ジキルとハイド,,,,,Tanaami Keiichi,,,,,Audio,¼ in audio tape (reel to reel),Original / オリジナル,,,,,,19cm/sec,Sony,5 inch,90%,,,,,,,,,,,,,,,,,"Title;ジキルとハイド
No.ofREELS; ラッシュと音
Reel;残ネガ

KT_160
Title;ジキルとハイド
Data; 52年10月16日　TEA-スタジオ
Recorder; NAGRA
Speed; 19cm/sec

DBマザー　Bワインド
OSC ７KHｚ,１KHｚ
ナグラ撮り
スタートマーク　３”","KT_160
Title;ジキルとハイド
Data; 52年10月16日　TEA-スタジオ
Recorder; NAGRA
Speed; 19cm/sec",,,,,
TN_027,TK_024,Box_13,TANAAMI Keiichi,田名網敬一,LOOK AT THE WOOD,,,,,,Tanaami Keiichi,,,Silent,,Film,16mm,Original / オリジナル,,,Original / オリジナル,,,,,,,,,,,,,450ft,,,,,,,,,,"Look at the wood
全1巻　画、音
50年6月24日
田名網プロ [for KT_024,025]
[Trans. Total 1 volume, Picture, Sound, 1975.6.24]",,Stored with KT_025. Vinegar smell. Sticky.,,"Cut original. Needs further inspection, head titles look to be positive hi-con at head.",,
TN_027,TK_025,Box_13,TANAAMI Keiichi,田名網敬一,LOOK AT THE WOOD,,,,,,Tanaami Keiichi,,BW,Sound,,Film,16mm,Original / オリジナル,,Negative / ネガ,Track Negative /　トラックネガ,,,,,,,,,,,,,450ft,,,,,,,,,,"Look at the wood
全1巻　画、音
50年6月24日
田名網プロ [for KT_024,025]",,"Vinegar smell, sticky.",,Original optical track negative.,,
TN_028,TK_096,Box_7,TANAAMI Keiichi,田名網敬一,MARIONETTES IN MASKS,仮面のマリオネットたち,,,,,Tanaami Keiichi,,Color,Sound,,Film,35mm,Exhibition/Museum Print /展覧・所蔵プリント,,Positive /　ポジ,Print /　プリント,,,,,,,,,,,,,700ft,,,,,,,,,,仮面のマリオネットたち,"仮面のマリオネットたち
35mm、カラープリント、8分　田名網敬一作品
草月アートセンター
[写真参照]
[trans. [See photogaph]; 35mm; color print; 8min; Tanaami work; Sogetsu Art Center]",Sever vinegar syndrome. Sticky. Faded print.,,,,
TN_028,TK_158,Box_8,TANAAMI Keiichi,田名網敬一,MARIONETTES IN MASKS,仮面のマリオネットたち,,,,,Tanaami Keiichi,,Color,Silent,,Film,35mm,Original / オリジナル,,Negative / ネガ,Original / オリジナル,,,,,,,,,,,,,various,,,,,,,,,,"仮面のマリオネットたち
フィルムカットクズ
①
[trans. Marionettes in Masks film cut scraps]",,"Vinegar, warping. Most pieces not on cores.",,at least 10 small rolls. Presumed to be trims/outtakes.,,
TN_028,TK_217,Box_15,TANAAMI Keiichi,田名網敬一,MARIONETTES IN MASKS,仮面のマリオネットたち,,,,,Tanaami Keiichi,,,,,Film,35mm,,,,,,,,,,,,,,,,,800ft,,,,,,,,,,久里実験漫画、仮面のマリオネットたち、CR、一本,,"Sever vinegar syndrome, curling with crystals. Stored in cardboard box.",,Couldn't inspect more.,,
TN_028,TK_250,Box_11,TANAAMI Keiichi,田名網敬一,MARIONETTES IN MASKS,仮面のマリオネットたち,,,,,Tanaami Keiichi,,Color,Silent,,Film,35mm,Preservation Master / 保存用マスター,,Negative / ネガ,Internegative /　インターネガ,,,,,,,,,,,,,750ft,,,,,,,,,,"仮面のマリオネットたち、インター、ワインドB、画、35mm、94年2月17日、補正前のネガ、使用不可
[trans. Inter, wind-B, picture, 35mm, 1994, pre-restoration negative, can't use]",,Newer Internegative. Acetate stock. Excellent shape.,,Says do not use.,,
TN_028,TK_261,Box_11,TANAAMI Keiichi,田名網敬一,MARIONETTES IN MASKS,仮面のマリオネットたち,,,,,Tanaami Keiichi,,Color,Silent,,Film,16mm,Preservation Master / 保存用マスター,,Negative / ネガ,Internegative /　インターネガ,,,,,,,,,,,,,300ft,,,,,,,,,,カラー、24年8月17日、仮面のマリオネットたち、OKの20129月、ネガ、絵と音,,Stored with KT_262. Acetate stock. Excellent condtion.,,Newer internegative. Should inspect to see what this was made from.,,
TN_028,TK_262,Box_11,TANAAMI Keiichi,田名網敬一,MARIONETTES IN MASKS,仮面のマリオネットたち,,,,,Tanaami Keiichi,,BW,Sound,,Film,16mm,Preservation Master / 保存用マスター,,Negative / ネガ,Track Negative /　トラックネガ,,,,,,,,,,,,,300ft,,,,,,,,,,カラー、24年8月17日、仮面のマリオネットたち、OKの20129月、ネガ、絵と音,,Polyester stock. Excellent condtion.,,Newer track negative.,,
TN_028,TK_271,Box_11,TANAAMI Keiichi,田名網敬一,MARIONETTES IN MASKS,仮面のマリオネットたち,,,,,Tanaami Keiichi,,BW,Sound,,Film,16mm,Preservation Master / 保存用マスター,,Negative / ネガ,Track Negative /　トラックネガ,,,,,,,,,,,,,300ft,,,,,,,,,,"タゲレオ出版、仮面のマリオネットたち、補正以前のネガ、使用不可
[trans. Pre-restoration negative, do not use]",,In excellent condtion.,,Newer track negative. Says do not use.,,
TN_028,TK_174,Box_8,TANAAMI Keiichi,田名網敬一,,仮面のマリオネットたち,,,,,Tanaami Keiichi,,,,,Audio,¼ in audio tape (reel to reel),,,,,,,,,5 inch,90%,,,,,,,,,,,,,,,,,"アニメーション映画、音楽、
“仮面のマリオネットたち”テープ",,,,,,
TN_029,TK_211,Box_18,TANAAMI Keiichi,田名網敬一,OH YOKO,Oh! Yoko!,,,,,Tanaami Keiichi,,Color,Silent,,Film,16mm,Original / オリジナル,,Negative / ネガ,Original / オリジナル,,,,,,,,,,,,,100ft,,,,,,,,,,"1973.1.11日完成（11PM用作品）Oh Yoko! 16ミリカラー・ネガ（絵）、音・ネガ、2008年11月横シネでプリント、ねがのコンディションややわる。
[for KT_211,212,213,214]
[trans. Completed in 1973 (for 11pm use), Oh Yoko!, 16mm color, negative (picture), sound negative, 2008.11 printed at Yoko-cine. Negative's condition is bad.]",,Stored with KT_212 - KT_214. Doesn't seem to smell.,,Original cut negative.,,
TN_029,TK_212,Box_18,TANAAMI Keiichi,田名網敬一,OH YOKO,Oh! Yoko!,,,,,Tanaami Keiichi,,BW,Sound,,Film,16mm,Original / オリジナル,,Negative / ネガ,Track Negative /　トラックネガ,,,,,,,,,,,,,100ft,,,,,,,,,,"1973.1.11日完成（11PM用作品）Oh Yoko! 16ミリカラー・ネガ（絵）、音・ネガ、2008年11月横シネでプリント、ねがのコンディションややわる。
[for KT_211,212,213,214]
[trans. Completed in 1973 (for 11pm use), Oh Yoko!, 16mm color, negative (picture), sound negative, 2008.11 printed at Yoko-cine. Negative's condition is bad.]",,in good shape.,,Original optical track negative.,,
TN_029,TK_171,Box_8,TANAAMI Keiichi,田名網敬一,,ジョンレノン、オー・ヨーコ,,,,,Tanaami Keiichi,,,,,Audio,¼ in audio tape (reel to reel),Unknown / 不明,,,,,,Unknown / 不明,Scotch 3M　111,5 inch,90%,,,,,,,,,,,,,,,,,ジョン・レノン　オノ・ヨーコ ４分１５秒　テープ,７１４,,,,,
TN_029,TK_213,Box_18,TANAAMI Keiichi,田名網敬一,scrap film,Oh! Yoko!,Oh! Yoko!,,,,Tanaami Keiichi,,,,,Film,16mm,,,,,,,,,,,,,,,,,,,,,,,,,,,"1973.1.11日完成（11PM用作品）Oh Yoko! 16ミリカラー・ネガ（絵）、音・ネガ、2008年11月横シネでプリント、ねがのコンディションややわる。
[for KT_211,212,213,214]",,,,,,
TN_029,TK_214,Box_18,TANAAMI Keiichi,田名網敬一,scrap film,Oh! Yoko!,Oh! Yoko!,,,,Tanaami Keiichi,,,,,Film,16mm,,,,,,,,,,,,,,,,,,,,,,,,,,,"1973.1.11日完成（11PM用作品）Oh Yoko! 16ミリカラー・ネガ（絵）、音・ネガ、2008年11月横シネでプリント、ねがのコンディションややわる。
[for KT_211,212,213,214]
[trans. Completed in 1973 (for 11pm use), Oh Yoko!, 16mm color, negative (picture), sound negative, 2008.11 printed at Yoko-cine. Negative's condition is bad.]",,,,,,
TN_030,TK_055,Box_13,TANAAMI Keiichi,田名網敬一,PHOTOGRAPHS AND MEMORIES,PHOTOGRAPHS AND MEMORIES,,,,,Tanaami Keiichi,,Color,Sound,,Film,16mm,Exhibition/Museum Print /展覧・所蔵プリント,,Positive /　ポジ,Print /　プリント,,,,,,,,,,,,,800ft,,,,,,,,,,Photographis　and　Memories,,Faded Magenta print. Vinegar smell.,,In shipping case.,,
TN_030,TK_142,Box_17,TANAAMI Keiichi,田名網敬一,PHOTOGRAPHS AND MEMORIES,PHOTOGRAPHS AND MEMORIES,,,,,Tanaami Keiichi,,BW,Silent,,Film,16mm,Original / オリジナル,,Positive /　ポジ,Original / オリジナル,,,,,,,,,,,,,900ft,,,,,,,,,,"Photographis　and　Memories
画BC
50年7月22日
田名網プロ
[for KT_142,149]",KT_142　B Roll\,Stored with KT_149. Vinegar syndrome. Sticky.,,"Could not inspect. Labeled ""B"". Likely hi-con positive ""B"" mask.",,
TN_030,TK_149,Box_17,TANAAMI Keiichi,田名網敬一,PHOTOGRAPHS AND MEMORIES,PHOTOGRAPHS AND MEMORIES,,,,,Tanaami Keiichi,,BW,Silent,,Film,16mm,Original / オリジナル,,Positive /　ポジ,Original / オリジナル,,,,,,,,,,,,,900ft,,,,,,,,,,"Photographis　and　Memories
画BC
50年7月22日
田名網プロ
[for KT_142,149]",KT_149　C Roll,Stored with KT_142. Vinegar syndrome. Sticky. Outter strand is popped. Should be rewound on rewinds.,,"Could not inspect. Labeled ""C"". Likely hi-con positive ""C"" mask.",,
TN_030,TK_235,Box_14,TANAAMI Keiichi,田名網敬一,PHOTOGRAPHS AND MEMORIES,PHOTOGRAPHS AND MEMORIES,,,,,Tanaami Keiichi,,Color,Silent,,Film,16mm,Original / オリジナル,,Negative / ネガ,Original / オリジナル,,,,,,,,,,,,,800ft,,,,,,,,,,"PHOTOGRAPHS AND MEMORIES、A版、画、音、50年7月22日
[trans. A version, picture, sound, 1975.7.22]",,Stored with KT_236. Vinegar & sticky,,Looks to be A-Roll of the original cut negative.,,
TN_030,TK_236,Box_14,TANAAMI Keiichi,田名網敬一,PHOTOGRAPHS AND MEMORIES,PHOTOGRAPHS AND MEMORIES,,,,,Tanaami Keiichi,,BW,Sound,,Film,16mm,Original / オリジナル,,Negative / ネガ,Track Negative /　トラックネガ,,,,,,,,,,,,,800ft,,,,,,,,,,"PHOTOGRAPHS AND MEMORIES、A版、画、音、50年7月22日
[trans. A version, picture, sound, 1975.7.22]",,Vinegar. Spoking/warped.,,Looks to be the original track negative.,,
TN_031,TK_043,Box_13,TANAAMI Keiichi,田名網敬一,PUSSY,,,,,,Tanaami Keiichi,,BW,Silent,,Film,16mm,Original / オリジナル,,Positive /　ポジ,Original / オリジナル,,,,,,,,,,,,,less than 50ft,,,,,,,,,,"フリッカー・ラブ
ネガ画
PUSSYのタイトル
[for KT_043,044,045]
[trans. Flicker Love, Negative picture, Pussy Title]","KT_043,044　６",Stored with KT_044-45. No core.,,Original hi-con titles? Positive?,,
TN_031,TK_044,Box_13,TANAAMI Keiichi,田名網敬一,PUSSY,,,,,,Tanaami Keiichi,,BW,Silent,,Film,16mm,,,Positive /　ポジ,,,,,,,,,,,,,,less than 50ft,,,,,,,,,,"フリッカー・ラブ
ネガ画
PUSSYのタイトル
[for KT_043,044,045]
[trans. Flicker Love, negative picture, Pussy title]","KT_043,044　６","No core, no leader.",,Positive print of one above/opposite polarity.,,
TN_031,TK_048,Box_13,TANAAMI Keiichi,田名網敬一,PUSSY,,,,,,Tanaami Keiichi,,Color,Silent,,Film,16mm,Original / オリジナル,,Negative / ネガ,Original / オリジナル,,,,,,,,,,,,,400ft,,,,,,,,,,"田名網氏
「Pussy」画原版
[trans. ""Pussy"" picture original]",田名網氏「Pussy」画原版,Good condition,,Cut original negative,,
TN_031,TK_090,Box_16,TANAAMI Keiichi,田名網敬一,PUSSY,,,,,,Tanaami Keiichi,,Color,Silent,,Film,16mm,Exhibition/Museum Print /展覧・所蔵プリント,,Positive /　ポジ,Print /　プリント,,,,,,,,,,,,,300ft,,,,,,,,,,"田名網敬一
PUSSY　2本アリ、マルチ
16ミリ、カラー、12分、プリント
（左右フィルム2本）
田名網敬一・村田定之
1971年度作品
[for KT_090,091]
[trans. Pussy; 2 films/title; multi; 16mm; color; 12min; print; (right and left 2 films), 1971]","KT_090　PUSSY 実写　右側
[trans. Live action, right side]",Stored with KT_090. Vinegar smell. Magenta faded.,,,,
TN_031,TK_091,Box_16,TANAAMI Keiichi,田名網敬一,PUSSY,,,,,,Tanaami Keiichi,,BW,Sound,,Film,16mm,exhibition/Museum Print /展覧・所蔵プリント,,Positive /　ポジ,Print /　プリント,,,,,,,,,,,,,350ft,,,,,,,,,,"田名網敬一
PUSSY　2本アリ、マルチ
16ミリ、カラー、12分、プリント
（左右フィルム2本）
田名網敬一・村田定之
1971年度作品
[for KT_090,091]
[trans. Pussy; 2 films/title; multi; 16mm; color; 12min; print; (right and left 2 films), 1971]","KT_091　PUSSY プリント（着色）（上映分）左側
[trans. Print (color) (for screening); left side]",Vinegar smell.,,Positive print with mag stripe sound.,,
TN_031,TK_220,Box_15,TANAAMI Keiichi,田名網敬一,PUSSY,PUSSY,,,,,Tanaami Keiichi,,,,,Film,16mm,,,,,,,,,,,,,,,,,,,,,,,,,,,,色のうすいフィルム、使用可。PUSSY、実写,,,No case; On Reel,,
TN_033,TK_136,Box_17,TANAAMI Keiichi,田名網敬一,RAINBOW SCENE,,,,,,Tanaami Keiichi,,BW,Silent,,Film,16mm,original / オリジナル,,Positive /　ポジ,Original / オリジナル,,,,,,,,,,,,,400ft,,,,,,,,,,,,Vinegar smell.,,Hi-Con B&W positive. Negative imagery most likely.,,
TN_033,TK_150,Box_17,TANAAMI Keiichi,田名網敬一,RAINBOW SCENE,レインボーシーン,,,,,Tanaami Keiichi,,BW,Silent,,Film,16mm,Original / オリジナル,,Positive /　ポジ,Original / オリジナル,,,,,,,,,,,,,375ft,,,,,,,,,,"レインボーシーン
原版（ネガ）A
原版（ネガ）B
35mm
コア一巻
Eu5d54
残100OR
[for KT_150,151]
[trans. Original negative A; original negative B]",KT_151　海、モノクローム,Stored with KT_151. Vinegar,,Original Hi-Con ,,
TN_033,TK_151,Box_17,TANAAMI Keiichi,田名網敬一,RAINBOW SCENE,レインボーシーン,,,,,Tanaami Keiichi,,BW,Silent,,Film,16mm,Original / オリジナル,,Positive /　ポジ,Original / オリジナル,,,,,,,,,,,,,375ft,,,,,,,,,,"レインボーシーン
原版（ネガ）A
原版（ネガ）B
35mm
コア一巻
Eu5d54
残100OR
[for KT_150,151]
[trans. Original negative A; original negative B]",KT_151　海、モノクローム,Vinegar,,Original Hi-Con ,,
TN_033,TK_003,Box_1,TANAAMI Keiichi,田名網敬一,RAINBOW,,,,,,Tanaami Keiichi,,BW,Silent,,Film,16mm,Unknown / 不明,,Positive /　ポジ,,,,,,,,,,,,,,375ft,,,,,,,,,,"RAINBOW原版
マスク
D.N
村田氏
田名網氏 [for KT_003,004,005,006,007,008]
[Rainbow original, mask]",,Stored with KT_004-KT_008. Severe Vinegar Syndrome. Bagged.,,"Looks to be a B&W Positive print, should be inspected futher.",,
TN_033,TK_004,Box_1,TANAAMI Keiichi,田名網敬一,RAINBOW,,,,,,Tanaami Keiichi,,BW,Silent,,Film,16mm,Original / オリジナル,,Negative / ネガ,Original / オリジナル,,,,,,,,,,,,,400ft,,,,,,,,,,"RAINBOW原版
マスク
D.N
村田氏
田名網氏 [for KT_003,004,005,006,007,008]
[Rainbow original, mask]","KT_004　レインボー二人画ネガ　TOP
[trans. Rainbow two person picture negative TOP]
",,,Looks to be cut B&W Negative.,,
TN_033,TK_005,Box_1,TANAAMI Keiichi,田名網敬一,RAINBOW,,,,,,Tanaami Keiichi,,,Silent,,Film,16mm,Original / オリジナル,,Negative / ネガ,Original / オリジナル,,,,,,,,,,,,,400ft,,,,,,,,,,"RAINBOW原版
マスク
D.N
村田氏
田名網氏 [for KT_003,004,005,006,007,008]
[Rainbow original, mask]","KT_005　レインボー海画ネガ　END
[Trans. Rainbow ocean picture negative END]
",,,"Looks to be cut negative. Unsure if B&W or color, too much leader to inspect by hand unwinding.",,
TN_033,TK_006,Box_1,TANAAMI Keiichi,田名網敬一,RAINBOW,,,,,,Tanaami Keiichi,,BW,Silent,,Film,16mm,Original / オリジナル,,Positive /　ポジ,Original / オリジナル,,,,,,,,,,,,,400ft,,,,,,,,,,"RAINBOW原版
マスク
D.N
村田氏
田名網氏 [for KT_003,004,005,006,007,008]
[Rainbow original, mask]","KT_006　レインボースティル画ネガ　END
[Trans. Rainbow still picture negative END]",,,Looks to be cut Hi-Con B&W. Likely titles or mattes.,,
TN_033,TK_007,Box_1,TANAAMI Keiichi,田名網敬一,RAINBOW,,,,,,Tanaami Keiichi,,,,,Film,16mm,Original / オリジナル,,Positive /　ポジ,Original / オリジナル,,,,,,,,,,,,,250ft,,,,,,,,,,"RAINBOW原版
マスク
D.N
村田氏
田名網氏 [for KT_003,004,005,006,007,008]
[Rainbow original, mask]","KT_007　マスクマスターネガ　END
[Trans. Mask Master Negative END]",Sticky with slight vinegar,,"Looks to be on positive stock. Labeled ""mask master negative"". No splices?",,
TN_033,TK_008,Box_1,TANAAMI Keiichi,田名網敬一,RAINBOW,,,,,,Tanaami Keiichi,,BW,Silent,,Film,16mm,Original / オリジナル,,Positive /　ポジ,Original / オリジナル,,,,,,,,,,,,,350ft,,,,,,,,,,"RAINBOW原版
マスク
D.N
村田氏
田名網氏 [for KT_003,004,005,006,007,008]
[Rainbow original, mask]","KT_008　レインボーアフレコポジ　TOP""
[Trans. Rainbow ""afureco"" (after recorded?) positive TOP]",Lots of tape splices,,Looks to be some kind of master positive print. Possibly made from other elements in this can.,,
TN_033,TK_014,Box_1,TANAAMI Keiichi,田名網敬一,RAINBOW,,,,,,Tanaami Keiichi,,,Silent,,Film,16mm,,,,,,,,,,,,,,,,,375ft,,,,,,,,,,"RAINBOW
マスク
D.N [for KT_014,015,016,017,018]
[Trans. Mask D.N.]",,"Stored with KT_015 - KT_018. ""Masks""",,"B&W Reversal, silent. Looks to be hi-con masks, no splices. Inspect against earlier items.",,
TN_033,TK_015,Box_1,TANAAMI Keiichi,田名網敬一,RAINBOW,,,,,,Tanaami Keiichi,,,Silent,,Film,16mm,,,,,,,,,,,,,,,,,375ft,,,,,,,,,,"RAINBOW
マスク
D.N [for KT_014,015,016,017,018]
[Trans. Mask D.N.]",,,,B&W Reversal. Looks to have splices throughout. Needs inspection.,,
TN_033,TK_016,Box_1,TANAAMI Keiichi,田名網敬一,RAINBOW,,,,,,Tanaami Keiichi,,,,,Film,16mm,,,,,,,,,,,,,,,,,375ft,,,,,,,,,,"RAINBOW
マスク
D.N [for KT_014,015,016,017,018]
[Trans. Mask D.N.]",,,,B&W Reversal. Looks to have splices throughout. Needs inspection.,,
TN_033,TK_017,Box_1,TANAAMI Keiichi,田名網敬一,RAINBOW,,,,,,Tanaami Keiichi,,,,,Film,16mm,,,,,,,,,,,,,,,,,375ft,,,,,,,,,,"RAINBOW
マスク
D.N [for KT_014,015,016,017,018]
[Trans. Mask D.N.]",,,,"B&W Positive, silent. No Splices but piece of paper marking a section.",,
TN_033,TK_018,Box_1,TANAAMI Keiichi,田名網敬一,RAINBOW,,,,,,Tanaami Keiichi,,,Silent,,Film,16mm,,,,,,,,,,,,,,,,,375ft,,,,,,,,,,"RAINBOW
マスク
D.N [for KT_014,015,016,017,018]
[Trans. Mask D.N.]",,,,"B&W Positive, Hi-Con. Masks, silent. Some tape splices.",,
TN_034,TK_101,Box_7,TANAAMI Keiichi,田名網敬一,RYOGU-SAISHOKU,中国,,,,,Tanaami Keiichi,,Color,Sound,,Film,16mm,Exhibition/Museum Print /展覧・所蔵プリント,,Positive /　ポジ,Print /　プリント,,,,,,,,,,,,,625ft,,,,,,,,,,"中国
田名網敬一作品
製作　アトリエ・タン
[trans. China; Tanaami Keiichi work; production Atelier Tan]","中国
田名網敬一作品",Faded print. Vinegar smell. Stored in shipping container.,,,,
TN_034,TK_218,Box_15,TANAAMI Keiichi,田名網敬一,,旅寓彩色,,,,,Tanaami Keiichi,,,,,Film,16mm,,,,,,,,,,,,,,,,,,,,,,,,,,,旅寓彩色　（1981年度）、16ミリの中国のラッシュです。「音入れのための」,,,,,,
TN_034,TK_219,Box_15,TANAAMI Keiichi,田名網敬一,,旅寓彩色,,,,,Tanaami Keiichi,,,,,Video,U-matic,Exhibition/Museum Print /展覧・所蔵プリント,,,,,,,Fuji Film KCA-30,,,,,,,,,,,,,,,,,,,"旅寓彩色のオリジナル・テープ、編集済み、中国編「旅寓彩色」
[trans. ""Ryogu Saishiki"" original tape, edited, China version]","Aug. 12.1980 中国編「旅寓彩色」編集「TEA」奥山民、テレシネ
[trans. China version ""Ryogu saishiki,"" edited ""TEA"" Okuyama Tami; telecine]",,,,,
TN_035,TK_069,Box_16,TANAAMI Keiichi,田名網敬一,unknown,[No title],,,,,Tanaami Keiichi,,BW,Silent,,Film,35mm,,,Positive /　ポジ,,,,,,,,,,,,,,600ft,,,,,,,,,,[no info],[no info],No core.,,"Full Aperature, Hi-Con positive.",,
TN_035,TK_135,Box_17,TANAAMI Keiichi,田名網敬一,unknown,,,,,,Tanaami Keiichi,,BW,Silent,,Film,16mm,,,,,,,,,,,,,,,,,400ft,,,,,,,,,,,,Stored with KT_136 - KT_137. Vinegar smell.,,"Unlabeled, too much head leader to id. Presumed B&W hi-con.",,
TN_035,TK_137,Box_17,TANAAMI Keiichi,田名網敬一,unknown,,,,,,Tanaami Keiichi,,BW,Silent,,Film,16mm,Original / オリジナル,,,,,,,,,,,,,,,,400ft,,,,,,,,,,,,Vinegar smell.,,"Unlabeled, too much head leader to id. Presumed B&W hi-con.",,
TN_035,TK_163,Box_8,TANAAMI Keiichi,田名網敬一,unknown,,,,,,Tanaami Keiichi,,BW,Silent,,Film,16mm,,,Positive /　ポジ,Print /　プリント,,,,,,,,,,,,,300ft,,,,,,,,,,"Aロール在中（ラッシュ）ゆっくりZOOM
[for KT_163,164,165]
[trans. A roll enclosed (rushes); slow zoom]","KT_163　放射線の光
[trans. Radiation light]",Stored with KT_164 - KT_165. Vinegar. In cardboard box.,,"Positive print, silent. Looks like working material or excerpt.",,
TN_035,TK_164,Box_8,TANAAMI Keiichi,田名網敬一,unknown,,,,,,Tanaami Keiichi,,BW,Silent,,Film,16mm,,,Positive /　ポジ,Print /　プリント,,,,,,,,,,,,,425ft,,,,,,,,,,"Aロール在中（ラッシュ）ゆっくりZOOM
[for KT_163,164,165]
[trans. A roll enclosed (rushes); slow zoom]","KT_164　銀150−182568
[trans. Silver]",Vinegar,,"Positive print, silent. Looks like working material or excerpt.",,
TN_035,TK_165,Box_8,TANAAMI Keiichi,田名網敬一,unknown,,,,,,Tanaami Keiichi,,BW,Silent,,Film,16mm,,,Positive /　ポジ,Print /　プリント,,,,,,,,,,,,,425ft,,,,,,,,,,"Aロール在中（ラッシュ）ゆっくりZOOM
[for KT_163,164,165]
[trans. A roll enclosed (rushes); slow zoom]",,Vinegar,,"Positive print, silent. Looks like working material or excerpt.",,
TN_035,TK_173,Box_8,TANAAMI Keiichi,田名網敬一,,ウォーカーブラザーズ,,,,,Tanaami Keiichi,,,,00:10:18,Audio,¼ in audio tape (reel to reel),,,,,,,38 cm / sec,Scotch 3M,5 inch,90%,,,,,,,,,,,,,,,,,"②
麹町スタ
PR映画
ウォーカーブラザーズ
１ダンス天口
２孤独の太陽
３ウォーキンインザレイン
４ルックCMソング（60”）
５チョコレートCMソング（60”）
10’18”",,,,,,
TN_035,TK_175,Box_８,TANAAMI Keiichi,田名網敬一,,,,,,,Tanaami Keiichi,,,,,Audio,¼ in audio tape (reel to reel),Unknown / 不明,,,,,,Unknown / 不明,Scotch 3M　111,7 inch,90%,,,,,,,,,,,,,,,,,"M-1「イスの二人」　15分5秒
M２「ポートレート」　16分15秒",,,,,,
TN_035,TK_189,Box_19,TANAAMI Keiichi,田名網敬一,,彩光,,,,,Tanaami Keiichi,,,,,Film,16mm,,,Magnetic /　マグネティック,,,,,,,,,,,,,,1150 ft,,,,,,,,,,"磁気フィルム録音記録表
田名網プロ
?彩光
サウンド：16B
R-1 [2ブツ]　610feet
6/21 サウンド16BW夕方当社現像　海老原渡し
録音日：50年7月16日
録音機：B-16T3-B
録音種別：DB(Hのみ)
スタジオ：２
録音担当：丸山、泉山　",,"Fullcoat mag. poor condition, curling, definite vinegar, Equipment: B-16T3-B",,,,
TN_035,TK_191,Box_19,TANAAMI Keiichi,田名網敬一,,,,,,,Tanaami Keiichi,,,,,Film,16mm,,,Magnetic /　マグネティック,,,,,,,,,,,,,,750 ft,,,,,,,,,,,,"Fullcoat mag. Fair, slight vinegar smell",,,,
TN_035,TK_223,Box_15,TANAAMI Keiichi,田名網敬一,,[no info],,,,,Tanaami Keiichi,,,,,Film,16mm,,,,,,,,,,,,,,,,,,,,,,,,,,,,,,,,,
TN_035,TK_224,Box_15,TANAAMI Keiichi,田名網敬一,,[no info],,,,,Tanaami Keiichi,,,,,Film,16mm,,,,,,,,,,,,,,,,,,,,,,,,,,,,,,,,,
TN_035,TK_225,Box_15,TANAAMI Keiichi,田名網敬一,,[no info],,,,,Tanaami Keiichi,,,,,Film,16mm,,,,,,,,,,,,,,,,,,,,,,,,,,,,,,,,,
TN_035,TK_237,Box_14,TANAAMI Keiichi,田名網敬一,,ポル（スチール）,,,,,Tanaami Keiichi,,,,,Film,16mm,,,,,,,,,,,,,,,,,,,,,,,,,,,ポル（スチール）マスク・ネガ,,,,,,
TN_035,TK_238,Box_14,TANAAMI Keiichi,田名網敬一,,ポル（スチール）,,,,,Tanaami Keiichi,,,,,Film,16mm,,,,,,,,,,,,,,,,,,,,,,,,,,,ポル（スチール）マスク・ネガ,,,,,,
TN_035,TK_239,Box_14,TANAAMI Keiichi,田名網敬一,,ポル（スチール）,,,,,Tanaami Keiichi,,,,,Film,16mm,,,,,,,,,,,,,,,,,,,,,,,,,,,ポル（スチール）マスク・ネガ,CM戦争ポジ,,,,,
TN_035,TK_126,Box_7,TANAAMI Keiichi,田名網敬一,,フリッカーLOVE、虹の景観（レインボー）,,,,,Tanaami Keiichi,,,Sound Mono / モノ,,Audio,¼ in audio tape (reel to reel),Original / オリジナル,,,,,,38cm/sec,Agfa Gavaert,7 inch,90%,,,,,,,,,,,,,,,,,"田名網ムービー用、'71.12.4、マザー、Mー1（３分もの用）約４分ありフリッカーLOVE、Mー2「海辺の男女用」約11分あり。虹の景観（レインボー）ラストはF.O.に、38min/secモノラル、フル、後出しにテープは有りっています、西岡
[Tanaami movie use; 1971.12.4; mother; M-1 (for 3 minute) around 4 minutes; flicker Love; M-2 for ""man and woman at beach,"" There is 11 minutes; Rainbow scene (rainbow) last is F.O.]",,,,"Leader separating 2 segments (for both films), full track",,
TN_035,TK_154,Box_８,TANAAMI Keiichi,田名網敬一,,"アンソロジー
（Good-bye Elvis??）",,,,,Tanaami Keiichi,,,Sound Mono / モノ,,Audio,¼ in audio tape (reel to reel),Original / オリジナル,,,,,,19cm/sec,,7 inch,90%,,,,,,,,,,,,,,,,,"アンソロジー　オリジナル
OSC 　1k-10k-1kHz Ovu
音楽完成　Mother(約26分)
頭3ブツ
マザーテープ
Data; 50年7月10日　第一スタジオ
AMPEX3000
モノラル
ミキサー；堀
Speed; 19cm/sec　NAB

早稲田アバコスタジオ
青山アバコスタジオ",,,,"NAB, AMPEX3000",,
TN_035,TK_161,Box_8,TANAAMI Keiichi,田名網敬一,,アンソロジー　晴海　室内　(GOODBYE ELVIS),,,,,Tanaami Keiichi,,,,,Film,35mm,Unknown / 不明,,Negative / ネガ,,,,,,,,,,,,,,150 ft,,,,,,,,,,"アンソロジー　晴海　室内　(GOODBYE ELVIS)
[trans. Anthology Haruumi Shitsunai (Goodbye Elvis)]",[no info],,,,,
TN_036,TK_038,Box_13,TANAAMI Keiichi,田名網敬一,SHE,SHE,,,,,Tanaami Keiichi,,,Silent,,Film,16mm,,,Positive /　ポジ,,,,,,,,,,,,,,,,,,,,,,,,"プリント
PUSSY（色のウスいフィルム）
田名網敬一
村田定之
[for KT_038,039]
[trans. PUSSY (faded film)]",KT_038  SHE A Roll,On reel. Stored with KT_039 in can that says PUSSY.,,"""A-Roll"" Cut B&W Positive original? Unclear what this is or why it is stored with print. Splices throughout",,
TN_036,TK_143,Box_17,TANAAMI Keiichi,田名網敬一,SHE,SHE,,,,,Tanaami Keiichi,,BW,Silent,,Film,16mm,,,Positive /　ポジ,,,,,,,,,,,,,,300ft,,,,,,,,,,"SHE・MP・ネガ
[for KT_143,144,145]",,"Stored with KT_144 - KT_145. No core, loose wind. Spoking and warped. Severe vinegar syndrome.",,Could not inspect. Likely B&W positive mask or print.,,
TN_036,TK_144,Box_17,TANAAMI Keiichi,田名網敬一,SHE,SHE,,,,,Tanaami Keiichi,,BW,Silent,,Film,16mm,,,Negative / ネガ,Original / オリジナル,,,,,,,,,,,,,300ft,,,,,,,,,,"SHE・MP・ネガ
[for KT_143,144,145]",KT_144　SHE B Roll　着色P.N,Vinegar smell. No Core. ,,"B&W negative. Labeled ""A"" Roll. Looks to have splices.",,
TN_036,TK_145,Box_17,TANAAMI Keiichi,田名網敬一,SHE,SHE,,,,,Tanaami Keiichi,,BW,Silent,,Film,16mm,,,Negative / ネガ,Original / オリジナル,,,,,,,,,,,,,300ft,,,,,,,,,,"SHE・MP・ネガ
[for KT_143,144,145]",KT_145　SHE A Roll　,Vinegar smell. No Core. ,,"B&W negative. Labeled ""B"" Roll. Looks to have splices.",,
TN_036,TK_265,Box_11,TANAAMI Keiichi,田名網敬一,SHE,SHE,,,,,Tanaami Keiichi,,,,,Film,16mm,,,,,,,,,,,,,,,,,,,,,,,,,,,「SHE」、ネガ不良品、使用できない分,"Labeled ""Nega""",,,,,
TN_036,TK_266,Box_11,TANAAMI Keiichi,田名網敬一,SHE,SHE,,,,,Tanaami Keiichi,,,,,Film,16mm,,,,,,,,,,,,,,,,,,,,,,,,,,,「SHE」、ネガ不良品、使用できない分,"Labeled ""Posi""",,,,,
TN_036,TK_267,Box_11,TANAAMI Keiichi,田名網敬一,SHE,SHE,,,,,Tanaami Keiichi,,,,,Film,16mm,,,,,,,,,,,,,,,,,,,,,,,,,,,「SHE」、ネガ不良品、使用できない分,画,,,,,
TN_036,TK_268,Box_11,TANAAMI Keiichi,田名網敬一,SHE,SHE,,,,,Tanaami Keiichi,,,,,Film,16mm,,,,,,,,,,,,,,,,,,,,,,,,,,,「SHE」、ネガ不良品、使用できない分,,,,,,
TN_036,TK_269,Box_11,TANAAMI Keiichi,田名網敬一,SHE,SHE,,,,,Tanaami Keiichi,,,,,Film,16mm,,,,,,,,,,,,,,,,,,,,,,,,,,,「SHE」、ネガ不良品、使用できない分,,,,,,
TN_037,TK_009,Box_1,TANAAMI Keiichi,田名網敬一,SHOOT THE MOON,月を射て,,,,,Tanaami Keiichi,,BW,Sound,,Film,16mm,Original / オリジナル,,Negative / ネガ,Track Negative /　トラックネガ,,,,,,,,,,,,,375ft,,,,,,,,,,"月を射て
画、音、マスク ABC
田名網プロ [for KT_009,010,011,012,013]",,Stored with KT_010 - KT_013. Slight vinegar smell,,Looks to be optical track negative,,
TN_037,TK_010,Box_1,TANAAMI Keiichi,田名網敬一,SHOOT THE MOON,月を射て,,,,,Tanaami Keiichi,,,Silent,,Film,16mm,,,,,,,,,,,,,,,,,400ft,,,,,,,,,,"月を射て
画、音、マスク ABC
田名網プロ [for KT_009,010,011,012,013]","KT_010　月を射て　マスクAロール
[Trans. Mask A roll]",Slight vinegar smell.,,"""Mask A-Roll"". Likely an A-Roll Mask. Needs more inspection",,
TN_037,TK_011,Box_1,TANAAMI Keiichi,田名網敬一,SHOOT THE MOON,月を射て,,,,,Tanaami Keiichi,,,Silent,,Film,16mm,,,,,,,,,,,,,,,,,400ft,,,,,,,,,,"月を射て
画、音、マスク ABC
田名網プロ [for KT_009,010,011,012,013]","KT_011　月を射て　マスクBロール
[Trans. Mask B roll]",Slight vinegar smell.,,"""Mask B-Roll"". Likely an B-Roll Mask. Needs more inspection",,
TN_037,TK_012,Box_1,TANAAMI Keiichi,田名網敬一,SHOOT THE MOON,月を射て,,,,,Tanaami Keiichi,,,Silent,,Film,16mm,,,,,,,,,,,,,,,,,400ft,,,,,,,,,,"月を射て
画、音、マスク ABC
田名網プロ [for KT_009,010,011,012,013]","KT_012　月を射て　マスクCロール
Trans. Mask C roll]",Slight vinegar smell.,,"""Mask C-Roll"". Likely an C-Roll Mask. Needs more inspection",,
TN_037,TK_013,Box_1,TANAAMI Keiichi,田名網敬一,SHOOT THE MOON,月を射て,,,,,Tanaami Keiichi,,,Silent,,Film,16mm,Original / オリジナル,,,Original / オリジナル,,,,,,,,,,,,,400ft,,,,,,,,,,"月を射て
画、音、マスク ABC
田名網プロ [for KT_009,010,011,012,013]","KT_013　月を射て　画
[Trans. Picture]",Slight vinegar smell.,,"""Picture"". Looks like main cut picture original. Head is B&W hi-con (titles). Needs inspection to verify rest of body",,
TN_037,TK_095,Box_7,TANAAMI Keiichi,田名網敬一,SHOOT THE MOON,月を射て,,,,,Tanaami Keiichi,,Color,Sound,,Film,16mm,Exhibition/Museum Print /展覧・所蔵プリント,,Positive /　ポジ,Print /　プリント,,,,,,,,,,,,,350ft,,,,,,,,,,"月を射て
カラー
＜初号＞
株式会社ハイラボセンター
株式会社東京テレビセンター",,Vinegar/Sticky. Faded magenta.,,,,
TN_037,TK_170,Box_8,TANAAMI Keiichi,田名網敬一,,月を撃て,,,,,Tanaami Keiichi,,,Sound Stereo / ステレオ,,Audio,¼ in audio tape (reel to reel),,,,,,,19cm/sec,Fuji Film 178,7 inch,90%,,,,,,,,,,,,,,,,,田名網プロ　月を撃て　録音５０年７月２１日　＃１スタヂオ　録音担当　菊池　DW331R NAB ステレオ　テープ速度１９cm/sec　MUSIC コンクレート,３３１１,,,Recording Type: NAB,,
TN_037,TK_188,Box_19,TANAAMI Keiichi,田名網敬一,,月を射て,,,,,Tanaami Keiichi,,,,,Film,16mm,,,Magnetic /　マグネティック,,,,,,,,,,,,,,1150 ft,,,,,,,,,,"磁気フィルム録音記録表
田名網プロ
月を射て
サウンド：16B
R-1　リーダー [2]ブツ　325feet ok
録音日：50年7月21日
録音機：CSL-160
録音種別：DB
スタジオ：１
録音担当：菊地、吉田　",,"Fullcoat mag. poor condition, curling, definite vinegar, Equipment: CSC-160",,,,
TN_038,TK_100,Box_7,TANAAMI Keiichi,田名網敬一,SPECTACLE,光景,,,,,Tanaami Keiichi,,Color,Sound,,Film,16mm,Exhibition/Museum Print /展覧・所蔵プリント,,Positive /　ポジ,Print /　プリント,,,,,,,,,,,,,350ft,,,,,,,,,,"SPECTACLE
a film by keiichi tanaami
optical
16min50sec
823","Licht-Landschaft
SPECTACLE
823
",Faded print.,,,,
TN_038,TK_130,Box_17,TANAAMI Keiichi,田名網敬一,SPECTACLE,光景,,,,,Tanaami Keiichi,,BW,Sound,,Film,16mm,Original / オリジナル,,Negative / ネガ,Track Negative /　トラックネガ,,,,,,,,,,,,,600ft,,,,,,,,,,"光景、画、音、原版在中
[for KT_130, 1310
[trans. Opitical, picture, sound, original enclosed]","光景音原版
[trans. Optical sound original]",Stored with KT_131. Vinegar smell.,,Original optical track negative.,,
TN_038,TK_131,Box_17,TANAAMI Keiichi,田名網敬一,SPECTACLE,光景,,,,,Tanaami Keiichi,,Color,Silent,,Film,16mm,Original / オリジナル,,Negative / ネガ,Original / オリジナル,,,,,,,,,,,,,600ft,,,,,,,,,,"光景、画、音、原版在中
[for KT_130, 1310
[trans. Opitical, picture, sound, original enclosed]",,Vinegar syndrome. Outter wrap is starting to hockey puck. Brittle. Strand has popped out (slightly damaged/dirty) and this reel should be carefully rewound. ,,Original cut negative.,,
TN_038,TK_146,Box_17,TANAAMI Keiichi,田名網敬一,SPECTACLE,光景,,,,,Tanaami Keiichi,,BW,Silent,,Film,16mm,Original / オリジナル,,Positive /　ポジ,Original / オリジナル,,,,,,,,,,,,,625ft,,,,,,,,,,1. 網点マスク　2. NEGAマスク 3. POSIマスク　3種　田名網プロ,POSIマスク　トリマーall - 5,Stored with KT_147 - KT_148. Vinegar smell. Brittle.,,"""Positive Mask"". B&W Hi-Con",,
TN_038,TK_147,Box_17,TANAAMI Keiichi,田名網敬一,SPECTACLE,光景,,,,,Tanaami Keiichi,,BW,Silent,,Film,16mm,Original / オリジナル,,Positive /　ポジ,Original / オリジナル,,,,,,,,,,,,,625ft,,,,,,,,,,1. 網点マスク　2. NEGAマスク 3. POSIマスク　3種　田名網プロ,網点　画原版　網点マスク　トリマーall - 5, Vinegar smell. Brittle.,,B&W Hi-Con Mask,,
TN_038,TK_148,Box_17,TANAAMI Keiichi,田名網敬一,SPECTACLE,光景,,,,,Tanaami Keiichi,,BW,Silent,,Film,16mm,Original / オリジナル,,Positive /　ポジ,Original / オリジナル,,,,,,,,,,,,,625ft,,,,,,,,,,1. 網点マスク　2. NEGAマスク 3. POSIマスク　3種　田名網プロ,NEGAマスク　トリマー all - 7,Vinegar smell. Brittle.,,"""Negative Mask"". B&W Hi-Con",,
TN_038,TK_193,Box_19,TANAAMI Keiichi,田名網敬一,SPECTACLE,光景,,,,,Tanaami Keiichi,,Color,Silent,,Film,16mm,Exhibition/Museum Print /展覧・所蔵プリント,,Positive /　ポジ,Print /　プリント,,,,,,,,,,,,,600ft,,,,,,,,,,"「光景」編集済み　ラッシュ
[for KT_193,194]
[trans. ""Spectacle"" edited rush]",,"Stored with KT_194 in cardboard box. Loose wind, Faded.",,Looks like workprint?,,
TN_038,TK_194,Box_19,TANAAMI Keiichi,田名網敬一,SPECTACLE,光景,,,,,Tanaami Keiichi,,BW,Silent,,Film,16mm,Original / オリジナル,,Positive /　ポジ,Original / オリジナル,,,,,,,,,,,,,1050ft,,,,,,,,,,"「光景」編集済み　ラッシュ
[for KT_193,194]
[trans. ""Spectacle"" edited rush]",,Loose wind.,,HiCon positive? Outtakes?,,
TN_038,TK_222,Box_15,TANAAMI Keiichi,田名網敬一,SPECTACLE,光景,,,,,Tanaami Keiichi,,,,,Film,16mm,,,,,,,,,,,,,,,,,,,,,,,,,,,"田名網プロ、光景、DBラッシュ
[trans. Spectacle rush]",,,,No case; On core,,
TN_038,TK_167,Box_8,TANAAMI Keiichi,田名網敬一,,光景,,,,,Tanaami Keiichi,,,Mono,,Audio,¼ in audio tape (reel to reel),,,,,,,19 cm/sec,Fuji Film,7 inch,90%,,,,,,,,,,,,,,,,,"光景の音
録音：50年7月16日no.8スタジオ
録音担当者：丸山
録音機：D１ナグラⅢ
ステレオ：モノラル
テープ速度：19cm/sec
MのDB
巻頭にレベル規制信号　1KHZ.7KHZ
パルスあり
R-1
②ブツ",,,,Recorder: D1 Nagra 3,,
TN_038,TK_168,Box_8,TANAAMI Keiichi,田名網敬一,,光景,,,,,Tanaami Keiichi,,,,,Audio,¼ in audio tape (reel to reel),,,,,,,,,7 inch,90%,,,,,,,,,,,,,,,,,50年７月１６日 no. 8 Mヤリフリに使用　（光景の音）,[no info],,,,,
TN_039,TK_246,Box_18,TANAAMI Keiichi,田名網敬一,scrap film,彼女の独身者たちによって裸にされた性服の処女研究,,彼女の独身者たちによって裸にされた性服の処女研究,,,Tanaami Keiichi,,,,,Film,16mm,,,,,,,,,,,,,,,,,,,,,,,,,,,"カラー、24年8月17日、彼女の独身者たちによって裸にされた性服の処女研究、使用OKの分、2012.8月の上り、ネガ、絵と音
[trans. Color, 2012.8.16. for usable parts, negative, picture and sound]",,,,,,
TN_039,TK_247,Box_18,TANAAMI Keiichi,田名網敬一,scrap film,彼女の独身者たちによって裸にされた性服の処女研究,,彼女の独身者たちによって裸にされた性服の処女研究,,,Tanaami Keiichi,,,,,Film,16mm,,,,,,,,,,,,,,,,,,,,,,,,,,,"カラー、24年8月17日、彼女の独身者たちによって裸にされた性服の処女研究、使用OKの分、2012.8月の上り、ネガ、絵と音
[trans. Color, 2012.8.16. for usable parts, negative, picture and sound]",,,,,,
TN_039,TK_244,Box_18,TANAAMI Keiichi,田名網敬一,STUDY OF THE VIRGIN STRIPPED BARE BY…,彼女の独身者たちによって裸にされた性服の処女研究,,,,,Tanaami Keiichi,,BW,Sound,,Film,16mm,Preservation Master / 保存用マスター,,Negative / ネガ,Track Negative /　トラックネガ,,,,,,,,,,,,,150ft,,,,,,,,,,"カラー、24年8月17日、彼女の独身者たちによって裸にされた性服の処女研究、使用OKの分、2012.8月の上り、ネガ、絵と音
[trans. Color, 2012.8.16. for usable parts, negative, picture and sound]",S,Stored with KT_245. Polyester stock. In excellent shape.,,Newer optical track negative. ,,
TN_039,TK_245,Box_18,TANAAMI Keiichi,田名網敬一,STUDY OF THE VIRGIN STRIPPED BARE BY…,彼女の独身者たちによって裸にされた性服の処女研究,,,,,Tanaami Keiichi,,Color,Silent,,Film,16mm,Preservation Master / 保存用マスター,,Negative / ネガ,Internegative /　インターネガ,,,,,,,,,,,,,150ft,,,,,,,,,,"カラー、24年8月17日、彼女の独身者たちによって裸にされた性服の処女研究、使用OKの分、2012.8月の上り、ネガ、絵と音
[trans. Color, 2012.8.16. for usable parts, negative, picture and sound]",P,Acetate stock. In excellent shape.,,Newer internegative/dupe negative. Inspect to see what this was made from.,,
TN_040,TK_241,Box_18,TANAAMI Keiichi,田名網敬一,SWEET FRIDAY,優しい金曜日,,,,,Tanaami Keiichi,,Color,Silent,,Film,16mm,,,Positive /　ポジ,Print /　プリント,,,,,,,,,,,,,75ft,,,,,,,,,,"優しい金曜日ラッシュ
NEGATIVE
NBN名古屋テレビ
[trans. Rush, negative, NBN Nagoya television]","自民党　大史編　30""",Faded print.,,Possibly workprint? Has tape splices.,,
TN_040,TK_263,Box_11,TANAAMI Keiichi,田名網敬一,SWEET FRIDAY,優しい金曜日,,,,,Tanaami Keiichi,,Color,Silent,,Film,16mm,Preservation Master / 保存用マスター,,Negative / ネガ,Internegative /　インターネガ,,,,,,,,,,,,,150ft,,,,,,,,,,優しい金曜日、画ネガ＋音ネガ、横シネで修正済み、2009、2002・9月にプリント、ネガのコンディション非常に良い。,,Stored with KT_264. Excellent condtion.,,Newer internegative. Should inspect to see what this was made from.,,
TN_040,TK_264,Box_11,TANAAMI Keiichi,田名網敬一,SWEET FRIDAY,優しい金曜日,,,,,Tanaami Keiichi,,BW,Sound,,Film,16mm,Preservation Master / 保存用マスター,,Negative / ネガ,Track Negative /　トラックネガ,,,,,,,,,,,,,150ft,,,,,,,,,,優しい金曜日、画ネガ＋音ネガ、横シネで修正済み、2009、2002・9月にプリント、ネガのコンディション非常に良い。,,Polyester stock. Excellent condtion.,,Newer track negative.,,
TN_040,TK_260,Box_14,TANAAMI Keiichi,田名網敬一,,優しい金曜日,,,,,Tanaami Keiichi,,,,,Video,U-matic,Unknown / 不明,,,,,,,SONY KCA10,,,,,,,,,,,,,,,,,,,Video Cassette、優しい金曜日、田名網敬一,,Good Condition. Possible stickshed smell,,,,
TN_041,TK_105,Box_7,TANAAMI Keiichi,田名網敬一,SWEET TOUCH OF LOVE,,,,,,Tanaami Keiichi,,BW,Silent,,Film,16mm,Original / オリジナル,,Positive /　ポジ,Original / オリジナル,,,,,,,,,,,,,less that 50ft,,,,,,,,,,"[写真参照]
[see picture]",,in 100ft can on small core. Loose wind. Double perf.,,Hi-Con titles for SWEET TOUCH OF LOVE. Likely outtakes/unused.,,
TN_041,TK_106,Box_7,TANAAMI Keiichi,田名網敬一,SWEET TOUCH OF LOVE,,,,,,Tanaami Keiichi,,BW,Silent,,Film,16mm,Original / オリジナル,,Positive /　ポジ,Original / オリジナル,,,,,,,,,,,,,100ft,,,,,,,,,,"SWEET TOUCH OF LOVE
田名網敬一
16ミリ
音ネガ、画ネガ
[for KT_106,107,108,109,110,111,112]
[trans. 16mm, sound negative, picture negative]","KT_106　パターン、マスター　音原版
[trans. Pattern, master, sound master]","Stored with KT_107 - KT_112. No core, loose wind. Vinegar smell. ",,"Hi-Con mask? Just countdown at head, but looks to have splices throughout.",,
TN_041,TK_107,Box_7,TANAAMI Keiichi,田名網敬一,SWEET TOUCH OF LOVE,,,,,,Tanaami Keiichi,,BW,Silent,,Film,16mm,Original / オリジナル,,Positive /　ポジ,Original / オリジナル,,,,,,,,,,,,,100ft,,,,,,,,,,"SWEET TOUCH OF LOVE
田名網敬一
16ミリ
音ネガ、画ネガ
[for KT_106,107,108,109,110,111,112]
[trans. 16mm, sound negative, picture negative]","KT_107,108　ポジ＆ネが　マスク　F.P（i）
[trans. Positive & negative masks F.P]","Vinegar, warping reel.",,Hi con positive? Imagery of woman.,,
TN_041,TK_108,Box_7,TANAAMI Keiichi,田名網敬一,SWEET TOUCH OF LOVE,,,,,,Tanaami Keiichi,,BW,Silent,,Film,16mm,Original / オリジナル,,Positive /　ポジ,Original / オリジナル,,,,,,,,,,,,,200ft,,,,,,,,,,"SWEET TOUCH OF LOVE
田名網敬一
16ミリ
音ネガ、画ネガ
[for KT_106,107,108,109,110,111,112]
[trans. 16mm, sound negative, picture negative]","KT_107,108　ポジ＆ネが　マスク　F.P（i）
[trans. Positive & negative masks F.P]","Vinegar, film is warped.",,Hi Con Positive. Outtake?,,
TN_041,TK_109,Box_7,TANAAMI Keiichi,田名網敬一,SWEET TOUCH OF LOVE,,,,,,Tanaami Keiichi,,BW,Silent,,Film,16mm,Original / オリジナル,,Positive /　ポジ,Original / オリジナル,,,,,,,,,,,,,50ft,,,,,,,,,,"SWEET TOUCH OF LOVE
田名網敬一
16ミリ
音ネガ、画ネガ
[for KT_106,107,108,109,110,111,112]
[trans. 16mm, sound negative, picture negative]",,"No core, loose wind. Film is warped.",,"Hi-Con positive. Look to be countdown, opposite of KT_106.",,
TN_041,TK_110,Box_7,TANAAMI Keiichi,田名網敬一,SWEET TOUCH OF LOVE,,,,,,Tanaami Keiichi,,BW,Silent,,Film,16mm,Original / オリジナル,,Positive /　ポジ,Original / オリジナル,,,,,,,,,,,,,125ft,,,,,,,,,,"SWEET TOUCH OF LOVE
田名網敬一
16ミリ
音ネガ、画ネガ
[for KT_106,107,108,109,110,111,112]
[trans. 16mm, sound negative, picture negative]","KT_110,111　ポジ＆ネが　マスク
[trans. Positive & negative masks]",Vinegar.,,Hi-Con positive. Looks to be negative imagery.,,
TN_041,TK_111,Box_7,TANAAMI Keiichi,田名網敬一,SWEET TOUCH OF LOVE,,,,,,Tanaami Keiichi,,BW,Silent,,Film,16mm,Original / オリジナル,,Positive /　ポジ,Original / オリジナル,,,,,,,,,,,,,125ft,,,,,,,,,,"SWEET TOUCH OF LOVE
田名網敬一
16ミリ
音ネガ、画ネガ
[for KT_106,107,108,109,110,111,112]
[trans. 16mm, sound negative, picture negative]","KT_110,111　ポジ＆ネが　マスク
[trans. Positive & negative masks]",Vinegar.,,Hi-Con positive.,,
TN_041,TK_112,Box_7,TANAAMI Keiichi,田名網敬一,SWEET TOUCH OF LOVE,,,,,,Tanaami Keiichi,,BW,Sound,,Film,16mm,Original / オリジナル,,Negative / ネガ,Original / オリジナル,,,,,,,,,,,,,125ft,,,,,,,,,,"SWEET TOUCH OF LOVE
田名網敬一
16ミリ
音ネガ、画ネガ
[for KT_106,107,108,109,110,111,112]
[trans. 16mm, sound negative, picture negative]",,Vinegar,,Optical track negative.,,
TN_041,TK_210,Box_18,TANAAMI Keiichi,田名網敬一,SWEET TOUCH OF LOVE,Sweet Touch of Love,,,,,Tanaami Keiichi,,Color,,,Film,16mm,Exhibition/Museum Print /展覧・所蔵プリント,,Positive /　ポジ,Print /　プリント,,,,,,,,,,,,,100ft,,,,,,,,,,,Sweet Touch of Love,Looks faded.,,B&W titles spliced on. Did not inspect.,,
TN_042,TK_035,Box_13,TANAAMI Keiichi,田名網敬一,U.F.O.,,,,,,Tanaami Keiichi,,,Silent,,Film,16mm,Original / オリジナル,,,Original / オリジナル,,,,,,,,,,,,,200ft,,,,,,,,,,"田名網プロ
U.F.Oのために
画、音、ネガ
[for KT_035,036,037]
[trans. picture, sound, negative]","KT_035　UFO　Aマスク
[trans. A Mask]",Stored with KT_036-037. Sticky,,"""A Mask"". I'm guessing this is the original A-Roll. Too much black leader at head to further inspect.",,
TN_042,TK_036,Box_13,TANAAMI Keiichi,田名網敬一,U.F.O.,,,,,,Tanaami Keiichi,,,Silent,,Film,16mm,Original / オリジナル,,,Original / オリジナル,,,,,,,,,,,,,200ft,,,,,,,,,,"田名網プロ
U.F.Oのために
画、音、ネガ
[for KT_035,036,037]","KT_036　田名網プロ　U.F.Oのために　BマスクTOP
trans. [B Mask TOP]",Sticky,,"""B Mask"". I'm guessing this is the original B-Roll. Titles are B&W hi-con. Couldn't inspect more.",,
TN_042,TK_037,Box_13,TANAAMI Keiichi,田名網敬一,U.F.O.,,,,,,Tanaami Keiichi,,,Sound,,Film,16mm,Original / オリジナル,,Negative / ネガ,Track Negative /　トラックネガ,,,,,,,,,,,,,200ft,,,,,,,,,,"田名網プロ
U.F.Oのために
画、音、ネガ
[for KT_035,036,037]","KT_037　UFO 音""",Sticky,,Original optical track negative.,,
TN_042,TK_054,Box_13,TANAAMI Keiichi,田名網敬一,U.F.O.,,,,,,Tanaami Keiichi,,Color,Sound,,Film,16mm,Exhibition/Museum Print /展覧・所蔵プリント,,Positive /　ポジ,Print /　プリント,,,,,,,,,,,,,200ft,,,,,,,,,,"U.F.O
田名網敬一作品
No2(プリント)
第3回
[trans. U.F.O., Tanaami Keiichi work, No2 (print), third]
",,Faded Magenta print.,,"""No. 2"" In shipping case.",,
TN_042,TK_254,Box_14,TANAAMI Keiichi,田名網敬一,U.F.O.,U.F.O.,,,,,Tanaami Keiichi,,,,,Film,16mm,,,,,,,,,,,,,,,,,,,,,,,,,,,U.F.O. 作品（カラー）16ミリ,,On reel. Looks like faded print,,,,
TN_042,TK_172,Box_8,TANAAMI Keiichi,田名網敬一,U.F.O.,U.F.O.,,,,,Tanaami Keiichi,,,Sound Mono / モノ,,Audio,¼ in audio tape (reel to reel),Unknown / 不明,,,,,,19cm/sec,Scotch 3M 111,5 inch,100%,,,,,,,,,,,,,,,,,田名網プロ　田名網敬一　録音５１年１０月１２日　モノラル　テープ速度19cm/sec 録音担当者　白藤　音・５分１０秒　レザー・リアム・京都　(UFO)の音。音は頭に入っています。,[no info],,,,,
TN_042,TK_166,Box_8,TANAAMI Keiichi,田名網敬一,,「UFOのために！」,,,,,Tanaami Keiichi,,,Sound Mono / モノ,,Audio,¼ in audio tape (reel to reel),,,,,,,19cm/sec,Agfa Gavaert,7 inch,40%,,,,,,,,,,,,,,,,,"73年6月14日
スタジオみのお
NAB
19cm/sec
MONO
フル、トラ
におかたかし
注テープは逆巻きになっています！
一度巻き取って下さい！！
[画像参照]",,Good,,"NAB, Full track",,
TN_042,TK_256,Box_14,TANAAMI Keiichi,田名網敬一,,U.F.Oのために,,,,,Tanaami Keiichi,,,,,Film,16mm,,,,,,,,,,,,,,,,,,,,,,,,,,,カラー、U.F.O.のために,,On reel,,,,
TN_042,TK_257,Box_14,TANAAMI Keiichi,田名網敬一,,U.F.Oのために,,,,,Tanaami Keiichi,,,,,Film,16mm,,,,,,,,,,,,,,,,,,,,,,,,,,,カラー、U.F.O.のために,,On reel,,,,
TN_042,TK_258,Box_14,TANAAMI Keiichi,田名網敬一,,U.F.Oのために,,,,,Tanaami Keiichi,,,,,Film,16mm,,,,,,,,,,,,,,,,,,,,,,,,,,,カラー、U.F.O.のために,,On reel,,,,
TN_044,TK_103,Box_7,TANAAMI Keiichi,田名網敬一,WHY,,,,,,Tanaami Keiichi,,Color,Silent,,Film,16mm,Original / オリジナル,,Negative / ネガ,Original / オリジナル,,,,,,,,,,,,,400ft,,,,,,,,,,"画ネガ＋音ネガ
10分30秒
ネガのコンディション非常に良い
2002,9月にプリント
[for KT_103,104]
[trans. Picture and sound negatives; 10:30min; negative condition is very good.]",,Stored with KT_104. Smells of vinegar. Slightly sticky. Timing tapes included in can.,,"Could not inspect, but appears to be original cut negative. Splices throughout.",,
TN_044,TK_104,Box_7,TANAAMI Keiichi,田名網敬一,WHY,,,,,,Tanaami Keiichi,,BW,Sound,,Film,16mm,Original / オリジナル,,Negative / ネガ,Track Negative /　トラックネガ,,,,,,,,,,,,,400ft,,,,,,,,,,"画ネガ＋音ネガ
10分30秒
ネガのコンディション非常に良い
2002,9月にプリント
[for KT_103,104]
[trans. Picture and sound negatives; 10:30min; negative condition is very good.]",KT_104　音終,Sticky and smells of vinegar.,,"Original optical track negative, with splices.",,
TN_044,TK_178,Box_8,TANAAMI Keiichi,田名網敬一,WHY,,,,,,Tanaami Keiichi,,,Sound Mono / モノ,,Audio,¼ in audio tape (reel to reel),Original / オリジナル,,,,,,38cm/sec,Victor,7 inch,70%,,,,,,,,,,,,,,,,,"1975.6.14
WHYの音
「T.K.O」
にしおかたかし
マザーテープです！
[trans. Sound for ""WHY,"" ""T.K.O"" Nishio Takashi. It is mother tape!]",,"15 splices that seem to correspond with ""M1 through M15"" in the notes.",,Full track,End of Day 1?,
TN_045,TK_030,Box_13,TANAAMI Keiichi,田名網敬一,WOMAN,おんな,,,,,Tanaami Keiichi,,Color,,,Film,35mm,,,,,,,,,,,,,,,,,,,,,,,,,,,"8分　1966
九里実験
おんな
田名網敬一、沢田重隆
1本、棒焼",,Severe acetate decomposition. Sticky and hockey-pucking. Needs further inspection.,,I'm guessing this is a color positive print.,,
TN_045,TK_157,Box_8,TANAAMI Keiichi,田名網敬一,WOMAN,おんな,,,,,Tanaami Keiichi,,Color,Silent,,Film,35mm,,,Negative / ネガ,,,,,,,,,,,,,,150ft,,,,,,,,,,"東京科学映画
C/R
営724　仕上数１　ロール46m
株式会社東京現像所
[trans. Tokyo Kagaku Film]",,Doesn't smell. Stored in brown cardboard box.,,Color picture negative. Perhaps titles only and or outtakes. Much shorter than reported length of this film. Needs inspection.,,
TN_046,TK_259,Box_14,TANAAMI Keiichi,田名網敬一,,ふいに眩暈に襲われもする暗闇,,,,,Tanaami Keiichi,,,,,Video,U-matic,Unknown / 不明,,,,,,,Sony KCA30,,,,,,,,,,,,,,,,,,,ふいに眩暈に襲われもする暗闇、２本の内のA,,Good Condition. Possible stickshed smell,,,,