Work ID,Component ID,Previous ID,Artist Name (EN),Artist Name (JP),Component Title (EN),Component Title (JP),Component Description (EN),Component Description (JP),Contributors (EN),Contributors (JP),Collection,Recording Date,Color,Sound,Run time (HH:MM:SS),Media Type,Media Format,Component Type,Relation,Film Process,Film Element Type,Film Wind,FPS,Audio Speed,Brand,Reel Size,Audio Reel Capacity,Video Stock Length,Video Standard,File Name,Codec,Codec ID,File Size (GB),Duration,Bit Rate,Dimensions,Display Aspect Ratio,Bit Depth,Scan Type,Encoded Date,Provenance,Viewing Restrictions,Terms Governing Use,Housing Annotations,Item Annotations,Condition Notes (EN),Condition Notes (JP),Notes,Date of Entry (MM-DD-YYYY),Cataloger
TA_001,IT_239,,IIMURA Takahiko,飯村隆彦,+ & - (Plus and Minus),プラス・アンド・マイナス,,,,,Iimura Takahiko,,Color,Silent,00:25:00,Film,16mm,,,,Positive / ポジ,,24fps,,,,,,,,,,,,,,,,,,,,,Plastic / プラスチック,,,,,,
TA_002,IT_238,,IIMURA Takahiko,飯村隆彦,1 to 60 Seconds,１秒から60秒まで,,,,,Iimura Takahiko,,BW,Sound,00:30:00,Film,16mm,,,,Positive / ポジ,,24fps,,,,,,,,,,,,,,,,,,,,,Plastic / プラスチック,,,,,,
TA_003,IT_094,,IIMURA Takahiko,飯村隆彦,2 MIN 46 SEC 16 FRAMES,２分46秒16コマ,Sound by Takahiko Iimura,,,,Iimura Takahiko,1972–74,BW,Sound,00:10:00,Film,16mm,,,,Positive / ポジ,,24fps,,,,,,,,,,,,,,,,,,,,,"Metal / メタル缶; side: 2min.46sec.16Feames
TOP:#65237 9/4/`3,Taka Iimura,""2 MIN 46 SEC 16 FRAMES"",16mm,B/W,Double,perf Ptint TEST ACETATE,Sound uaw Sprodat holes ",,,,,,CCJ
TA_004,IT_090,,IIMURA Takahiko,飯村隆彦,24 Frames Per Second,１秒24コマ,,,,,Iimura Takahiko,1975–78,BW,Sound,00:12:00,,,,,,,,,,,,,,,,,,,,,,,,,,,,,"Plastic / プラスチック; side:飯村隆彦24FRAMES PER SECOND 上：飯村隆彦「1秒間24コマ」12分　オプティカル,サウンド，1975-78,B/W,12分,サウンド,ボリューム大きく！",TAKA IIMURA 24 FRAMES PER SECOND LOUDER!,,,,,CCJ
TA_004,IT_091,,IIMURA Takahiko,飯村隆彦,24 Frames Per Second,１秒24コマ,Sound by Takahiko Iimura,,,,Iimura Takahiko,1975–78,BW,Sound,00:10:00,Film,16mm,,,,Positive / ポジ,,24fps,,,,,,,,,,,,,,,,,,,,,"Plastic / プラスチック; side: TAKA IIMURA ""24 FRAMES PER SECOND"" Top:24FRAMERS PER SECOND Louder SND",24 FRAMES PER SECOND,,,,,CCJ
TA_005,IT_088,,IIMURA Takahiko,飯村隆彦,24 Frames Per Second (First Version),１秒24コマ,,,,,Iimura Takahiko,1975,BW,Sound,00:24:00,,,,,,,,,,,,,,,,,,,,,,,,,,,,,"Plastic / プラスチック; side:'24 Frame Per Second 1975 Top:TAKA IIMURA ""24 FRAMES PER SECOND"" 1st Version 1975, B/W, 24min SOUND(OPT)",24 FRAMES PER SECOND ,,,,,CCJ
TA_006,IT_075,,IIMURA Takahiko,飯村隆彦,6 x 6 (Oukan Densentsu),王冠伝説 (6 x 6),Blow-up from R. 8mm,,,,Iimura Takahiko,1962,BW,Silent,00:19:00,Film,16mm,,,Master / マスター,Positive / ポジ,,16fps,,,,,,,,,,,,,,,,,,,,,Original,,,,In the Late-1960s he blew-up the 8mm films to 16mm,,CCJ
TA_006,IT_076,,IIMURA Takahiko,飯村隆彦,6 x 6 (Oukan Densentsu),王冠伝説 (6 x 6),Blow-up from R. 8mm,,,,Iimura Takahiko,1962,BW,Silent,00:19:00,Film,16mm,,,Duplicate Print / デュープ　,Positive / ポジ,,16fps,,,,,,,,,,,,,,,,,,,,,,,,,,,CCJ
TA_006,IT_159,,IIMURA Takahiko,飯村隆彦,6 x 6 (Oukan Densentsu),王冠伝説 (6 x 6),,,,,Iimura Takahiko,1963,,,,Film,8mm,,,Master / マスター,Positive / ポジ,,,,,,,,,,,,,,,,,,,,,,,,,Vinegar,,,,CCJ
TA_007,IT_253,,IIMURA Takahiko,飯村隆彦,A Conversation with Video,カンバセーション・ウィズ・ビデオ,,,,,Iimura Takahiko,1983,Color,Sound,,Video,,,,,,,,,,,,,,,,,,,,,,,,,,,,,,,,,,
TA_008,IT_035,,IIMURA Takahiko,飯村隆彦,"A Dance Party in the Kingdom of Lilliput, No. 2",リリパット王国舞踏会 No.2,To be projected side by side with sound version on the right.,,Music by Kosugi Takehisa,音：小杉武久,Iimura Takahiko,1964,BW,Silent,,Film,16mm,,,Duplicate Print / デュープ　,Positive / ポジ,,24fps,,,,,,,,,,,,,,,,,,,,,"Plastic / プラスチック; Side: Taka Iimura, A Dance Party in the Kingdom of Liliput #2, 1962, silent, 24fps
Top: Taka Iimura, A Dance Party in the Kingdom of Liliput #2, Silent, 24fps, For W Projection, Left Side","Reel: A Dance Party in the Kingdom of Lilput #2 (1964), Taka Iimura, Silent, 24fps. ",,,"#2 was over-exposed and couldn't print. Printed in the U.S. Changed the order. Decided to edit, and made #2, which is supposed to be played next to #1. Length not indicated, Iimura thinks it should be the same length as the others . 034 & 037 are #2. Both are 24fps. 037 is 12 min. Probably not printed around the same. ",,CCJ
TA_008,IT_036,,IIMURA Takahiko,飯村隆彦,"A Dance Party in the Kingdom of Lilliput, No. 1",リリパット王国舞踏会,,,Music by Kosugi Takehisa,音：小杉武久,Iimura Takahiko,1964,BW,Sound,00:12:00,Film,16mm,,,Duplicate Print / デュープ　,Positive / ポジ,,24fps,,,,,,,,,,,,,,,,,,,,,"Side: A Dance Party in the Garden of Liliput, 1964, Takahiko Iimura,  Snd, 12min",Dance Party,,,,,CCJ
TA_008.1,IT_034,,IIMURA Takahiko,飯村隆彦,"A Dance Party in the Kingdom of Lilliput, No. 1",リリパット王国舞踏会,,,,,Iimura Takahiko,1964,BW,Sound,00:13:00,Film,16mm,,,Duplicate Print / デュープ　,Positive / ポジ,,24fps,,,,,,,,,,,,,,,,,,,,,"Side: 飯村隆彦リリパット王国舞踏会、１９６４、BW,１３分
上：飯村隆彦リリパット王国舞踏会、１３分、１９６４、モノクロ光学録音、、２４fps、２台同時映写（右）、サウンド",フィルム：リリパット（右）サウンド、２４fps、同時スタート点（穴あり）そろえる,,,映写する人がフィルムのリーダーに穴があるからそれを２台とも揃えてください。,,CCJ
TA_008.1,IT_037,,IIMURA Takahiko,飯村隆彦,"A Dance Party in the Kingdom of Lilliput, No. 2",リリパット王国舞踏会 No.2,To be projected side by side sound version on the right.,,,,Iimura Takahiko,1964,BW,Silent,00:12:00,Film,16mm,,,Duplicate Print / デュープ　,Positive / ポジ,,24fps,,,,,,,,,,,,,,,,,,,,,"Side:A Dance Party in the Kingdom of Liliput, For W projection only, #2
Top: For W Projection only, TAKA IIMURA, A DANCE PARTY in the Kingdom of Liliput (1964), Different order, (To be shown with number 1, double projection, side by side) 12 min, b/w, slient 24fps, ２台同時映写（左）",リリパット（左）２４fps、２台同自衛者（左）サイレント、No.2,,,,,CCJ
TA_008.1,IT_185,,IIMURA Takahiko,飯村隆彦,"A Dance Party in the Kingdom of Lilliput, No. 2",リリパット王国舞踏会 No.2,Sound negative,,,,Iimura Takahiko,1964,,,,Film,16mm,,,Master / マスター,Negative / ネガ,,,,,,,,,,,,,,,,,,,,,,,,,,,Sound nega,,CCJ
TA_008.1,IT_186,,IIMURA Takahiko,飯村隆彦,"A Dance Party in the Kingdom of Lilliput, No. 2",リリパット王国舞踏会 No.2,Picture negative,,,,Iimura Takahiko,1964,,,,Film,16mm,,,Master / マスター,Negative / ネガ,,,,,,,,,,,,,,,,,,,,,,,,Lilliput Pix neg,"Vinegar, hardened.",,Picture nega,,CCJ
TA_009,IT_152,53,IIMURA Takahiko,飯村隆彦,A Day in Bahama,バハマにおける一日,,,,,Iimura Takahiko,1986,,,00:07:00,Video,U-matic,,,Master / マスター,,,,,,,,,,,,,,,,,,,,,,,,,,,,,,CCJ
TA_009,IT_248,"53, 30",IIMURA Takahiko,飯村隆彦,A Day in Bahama,バハマにおける一日,,,,,Iimura Takahiko,1986,,,00:07:00,Video,U-matic S,,,Master / マスター,,,,,,,,,,,,,,,,,,,,,,,,,,,,,,CCJ
TA_010,IT_009,,IIMURA Takahiko,飯村隆彦,Ai (LOVE),あい,Blow-up from R. 8mm,,Sound by Yoko Ono,,Iimura Takahiko,1962,BW,Silent,,Film,16mm,,,Duplicate Print / デュープ　,Positive / ポジ,,16fps,,,,,,,,,,,,,,,,,,,,,"Plastic / プラスチック; 飯村隆彦、AI (LOVE), Silent, 16fps, 1962","AI (LOVE), 16fps, Original, #1","Mold, Vinegar smell",,The 8mm original is missing.,,CCJ
TA_010,IT_010,,IIMURA Takahiko,飯村隆彦,Ai (LOVE),あい,Blow-up from R. 8mm,,Sound by Yoko Ono,,Iimura Takahiko,1962,BW,Sound,00:10:00,Film,16mm,,,Master / マスター,Positive / ポジ,,24fps,,,,,,,,,,,,,,,,,,,,,"Plastic / プラスチック; Side: TAKAHIKO IIMURA, AI (LOVE), 1962
Top: Best print, Iimura Takahiko , Ai (LOVE), 10min 1962, 音楽オノ・ヨーコ、光学録音、１０分、２４fps、Sound","Top: AI (LOVE), Optical Snd, by Takahiko IIMURA, 24fps, Sound",,,This is the Master. There is 10 min and 15min versions. ,,CCJ
TA_010,IT_011,,IIMURA Takahiko,飯村隆彦,Ai (LOVE),あい,Blow-up from R. 8mm,,Sound by Yoko Ono,,Iimura Takahiko,1962,BW,Sound,00:12:00,Film,16mm,,,Duplicate Print / デュープ　,Positive / ポジ,,24fps,,,,,,,,,,,,,,,,,,,,,"Metal / メタル缶; AI (Love), 1962, BW, 12min, 24fps, 
Top: Ai (LOVE), 1962, BW, 12 min, 24fps, Music by Yoko Ono, print 1993",AI (LOVE),,,1993 print,,CCJ
TA_010,IT_012,,IIMURA Takahiko,飯村隆彦,Ai (LOVE),あい,Blow-up from R. 8mm,,Sound by Yoko Ono,,Iimura Takahiko,1962,BW,N/A,00:10:00,Film,16mm,,,Duplicate Print / デュープ　,Positive / ポジ,,,,,,,,,,,,,,,,,,,,,,,Metal / メタル缶,,Lots mold,,,,CCJ
TA_010,IT_013,,IIMURA Takahiko,飯村隆彦,Ai (LOVE),あい,Blow-up from R. 8mm,,Sound by Yoko Ono,,Iimura Takahiko,1962,BW,Silent,00:13:00,Film,16mm,,,Duplicate Print / デュープ　,Positive / ポジ,,,,,,,,,,,,,,,,,,,,,,,Metal / メタル缶,,,,,,CCJ
TA_010,IT_014,,IIMURA Takahiko,飯村隆彦,Ai (LOVE),あい,Blow-up from R. 8mm,,,,Iimura Takahiko,1962,BW,Sound,00:15:00,Film,16mm,,,Duplicate Print / デュープ　,Positive / ポジ,,24fps,,,,,,,,,,,,,,,,,,,,,Plastic / プラスチック,,,,,,CCJ
TA_010,IT_015,,IIMURA Takahiko,飯村隆彦,Ai (LOVE),あい,Blow-up from R. 8mm,,,,Iimura Takahiko,1962,BW,Sound,00:15:00,Film,16mm,,,Duplicate Print / デュープ　,Positive / ポジ,,,,,,,,,,,,,,,,,,,,,,,"Plastic / プラスチック; Limited Edition 4/5
Copyright 2005 Taka Iimura
With signature",,,,,,CCJ
TA_010,IT_016,,IIMURA Takahiko,飯村隆彦,Ai (LOVE),あい,,,,,Iimura Takahiko,1962,BW,Sound,00:15:00,Film,16mm,,,Duplicate Print / デュープ　,Positive / ポジ,,,,,,,,,,,,,,,,,,,,,,,"Plastic / プラスチック; Limited Edition 5/5
Copyright 2005 Taka Iimura
With signature",,,,,,CCJ
TA_010,IT_017,,IIMURA Takahiko,飯村隆彦,Ai (LOVE),あい,,,,,Iimura Takahiko,1962,BW,Sound,00:15:00,Film,16mm,,,Duplicate Print / デュープ　,Positive / ポジ,,,,,,,,,,,,,,,,,,,,,,,Plastic / プラスチック,,,,,,CCJ
TA_010,IT_189,,IIMURA Takahiko,飯村隆彦,Ai (LOVE),あい,,,Sound by Yoko Ono,,Iimura Takahiko,,,,,Film,16mm,,,Master / マスター,Negative / ネガ,,,,,,,,,,,,,,,,,,,,,,,,Picture Color Negative,,,The 8mm original is missing.,,CCJ
TA_010,IT_190,,IIMURA Takahiko,飯村隆彦,Ai (LOVE),あい,,,,,Iimura Takahiko,,,,,Film,16mm,,,Master / マスター,Negative / ネガ,,,,,,,,,,,,,,,,,,,,,,,,AI Love Negative Optial track,,,,,CCJ
TA_011,IT_249,"52, 59-12",IIMURA Takahiko,飯村隆彦,AIUEONN,あいうえおん,,,,,Iimura Takahiko,,,,00:01:50,Video,U-matic S,,,Master / マスター,,,,,,,,,,,,,,,,,,,,,,,,,,,,Six Features' is in Japanese.,,CCJ
TA_012,IT_145,47,IIMURA Takahiko,飯村隆彦,AIUEONN Menso,あいうえおん面相,,,,,Iimura Takahiko,1993,,,00:07:00,Video,U-matic S,,,Master / マスター,,,,,,,,,,,,,,,,,,,,,,,,,,,,,,CCJ
TA_012,IT_150,52,IIMURA Takahiko,飯村隆彦,AIUEONN Menso,あいうえおん面相,,,,,Iimura Takahiko,1993,,,,Video,U-matic S,,,Master / マスター,,,,,,,,,,,,,,,,,,,,,,,,,,,,,,CCJ
TA_013,IT_136,43,IIMURA Takahiko,飯村隆彦,AIUEONN Six Features,あいうえおん6面相,,,,,Iimura Takahiko,1993,,,00:06:10,Video,U-matic SP,,,Master / マスター,,,,,,,,,,,,,,,,,,,,,,,,,,,,Annotations indicate English version.,,CCJ
TA_013,IT_195,,IIMURA Takahiko,飯村隆彦,AIUEONN Six Features,あいうえおん6面相,Transfer from video,,,,Iimura Takahiko,1993,,,,Film,16mm,,,Master / マスター,Positive / ポジ,,,,,,,,,,,,,,,,,,,,,,,,,,,,,Iimura
TA_013,IT_225,,IIMURA Takahiko,飯村隆彦,AIUEONN Six Features,あいうえおん6面相,,,,,Iimura Takahiko,,Color,Sound,00:06:00,Film,16mm,,,Master / マスター,Positive / ポジ,,24fps,,,,,,,,,,,,,,,,,,,,,Metal / メタル缶,,,,音とサウンド別々(全部で2つ),,
TA_013,IT_226,,IIMURA Takahiko,飯村隆彦,AIUEONN Six Features,あいうえおん6面相,,,,,Iimura Takahiko,,Color,Sound,00:06:00,Film,16mm,,,,Positive / ポジ,,24fps,,,,,,,,,,,,,,,,,,,,,Metal / メタル缶,,,,,,
TA_013,IT_227,,IIMURA Takahiko,飯村隆彦,AIUEONN Six Features,あいうえおん6面相,,,,,Iimura Takahiko,,Color,Sound,00:06:00,Film,16mm,,,,Positive / ポジ,,24fps,,,,,,,,,,,,,,,,,,,,,Plastic / プラスチック,,,,,,
TA_013,IT_228,,IIMURA Takahiko,飯村隆彦,AIUEONN Six Features,あいうえおん6面相,,,,,Iimura Takahiko,,Color,Sound,00:06:00,Film,16mm,,,,Positive / ポジ,,24fps,,,,,,,,,,,,,,,,,,,,,Plastic / プラスチック,,,,,,
TA_014,IT_062,,IIMURA Takahiko,飯村隆彦,AMA ATA,アマタ,,,,,Iimura Takahiko,1965,Color,Silent,00:17:00,Film,8mm,,,Camera Original / カメラ・オリジナル,Reversal Positive / リバーサル・ポジ,,18fps,,,,,,,,,,,,,,,,,,,,,,,,,,,CCJ
TA_015,IT_028,,IIMURA Takahiko,飯村隆彦,Anma (The Masseurs),あんま,,,,,Iimura Takahiko,1962,BW,Silent,,Film,16mm,,,Master / マスター,Positive / ポジ,,16fps,,,,,,,,,,,,,,,,,,,,,Metal / メタル缶; Master positive,,Mold,,,,CCJ
TA_015,IT_029,,IIMURA Takahiko,飯村隆彦,Anma (The Masseurs),あんま,Blow-up from R. 8mm,,,,Iimura Takahiko,1963,BW,Silent,,Film,16mm,,,Duplicate Print / デュープ　,Positive / ポジ,,16fps,,,,,,,,,,,,,,,,,,,,,Metal / メタル缶,,,,,,CCJ
TA_015,IT_030,,IIMURA Takahiko,飯村隆彦,Anma (The Masseurs),あんま,Blow-up from R. 8mm,,,,Iimura Takahiko,1963,BW,Silent,00:12:00,Film,16mm,,,Duplicate Print / デュープ　,Positive / ポジ,,16fps,,,,,,,,,,,,,,,,,,,,,"Plastic / プラスチック; ""A Butoh by Tatsumi Hijikata and Kazuo Ono"" Print. Intertitles in English. 16mm blowup",,,,,,CCJ
TA_015,IT_031,,IIMURA Takahiko,飯村隆彦,Anma (The Masseurs),あんま,Blow-up from R. 8mm,,,,Iimura Takahiko,1963,BW,Silent,00:13:00,Film,16mm,,,Duplicate Print / デュープ　,Positive / ポジ,,16fps,,,,,,,,,,,,,,,,,,,,,Plastic / プラスチック; In English. Taka Iimura. ,,,,,,CCJ
TA_015,IT_032,,IIMURA Takahiko,飯村隆彦,Anma (The Masseurs),あんま,,,,,Iimura Takahiko,1963,BW,Silent,00:17:00,Film,8mm,,,Master / マスター,Positive / ポジ,,,,,,,,,,,,,,,,,,,,,,,,,,,The catalog indicates 15 min. ,,CCJ
TA_016,IT_151,55,IIMURA Takahiko,飯村隆彦,Arakawa: Atmospheric Resemblance [A Life of Blank],アラカワ：雰囲気的な相似性　ア・ライフ・オブ・ブランク,,,,,Iimura Takahiko,1986,,,00:11:00,Video,U-matic S,,,Master / マスター,,,,,,,,,,,,,,,,,,,,,,,,,,,,,,CCJ
TA_016,IT_250,"55, 29",IIMURA Takahiko,飯村隆彦,Arakawa: Atmospheric Resemblance [A Life of Blank],アラカワ：雰囲気的な相似性　ア・ライフ・オブ・ブランク,,,,,Iimura Takahiko,,,,00:11:00,Video,U-matic S,,,Master / マスター,,,,,,,,,,,,,,,,,,,,,,,,,,,,,,CCJ
TA_017,IT_097,,IIMURA Takahiko,飯村隆彦,Blinking,まばたき,,,,,Iimura Takahiko,1970,BW,Silent,00:12:00,Film,16mm,,,Master / マスター,Positive / ポジ,,24fps,,,,,,,,,,,,,,,,,,,,,"Metal / メタル缶; side:飯村隆彦,BLINKING,MASTER 1970
TOP:BLINKING MASTER,24FPS Original MASTER Silent B/W
",,,,,,CCJ
TA_017,IT_098,,IIMURA Takahiko,飯村隆彦,Blinking,まばたき,,,,,Iimura Takahiko,1970,BW,Silent,00:13:00,Film,16mm,,,Duplicate Print / デュープ　,Positive / ポジ,,25fps,,,,,,,,,,,,,,,,,,,,,"Plastic / プラスチック; side: TAKAHIKO IIMURA BLINKING 1970 B/W
TOP:TAKA IIMURA BLINKING (サイレント) B/W 1971,12min,16FPS,12分","TAKA IIMURA,107",,,,,CCJ
TA_018,IT_108,"7, 7-1",IIMURA Takahiko,飯村隆彦,"Camera, Monitor, Frame",カメラ・モニター・フレーム,,,,,Iimura Takahiko,1976,,,00:07:00,Video,U-matic,,,Submaster / サブマスター,,,,,,,,,,,,,,,,,,,,,,,,,,,,"Annotations show it is a transfer from 1/2"" open reel",,
TA_019,IT_123,"25, 24",IIMURA Takahiko,飯村隆彦,Colette,コレット,,,,,Iimura Takahiko,1984,,,00:11:00,Video,U-matic S,,,,,,,,,,,,,,,,,,,,,,,,,,,,,,,Annotations indicate transfer from 'Beta' and transferred to DVCAM,,CCJ
TA_020,IT_082,,IIMURA Takahiko,飯村隆彦,Cosmic Buddha,コスミック・ブッダ,"The same work as Budda, Again, title changed",,,,Iimura Takahiko,1969,BW,Sound,00:16:00,Film,16mm,,,,Positive / ポジ,,24fps,,,,,,,,,,,,,,,,,,,,,,,,,,,CCJ
TA_020,IT_089,,IIMURA Takahiko,飯村隆彦,Cosmic Buddha,コスミック・ブッダ,,,,,Iimura Takahiko,1962,,,,Film,16mm,,,,Positive / ポジ,,,,,,,,,,,,,,,,,,,,,,,,,,,,,CCJ
TA_021,IT_004,,IIMURA Takahiko,飯村隆彦,DADA 62,ダダ62,,,,,Iimura Takahiko,1962,BW,Silent,00:12:00,Film,8mm,,,Camera Original / カメラ・オリジナル,Reversal Positive / リバーサル・ポジ,,16fps,,,,,,,,,,,,,,,,,,,,,"Plastic / プラスチック; サイド：DADA62
上：TAKAHIKOIIMURA、DADA62,（Original)R.8ミリ、B/W,Silent,１６FPS,10Min,上映","リール：DADA62,IIMURA,Original",,,Regular 8mm; 撮影オリジナル、８Mmで上映することはない、16ミリが配給,,CCJ
TA_021,IT_005,,IIMURA Takahiko,飯村隆彦,DADA 62,ダダ62,,,,,Iimura Takahiko,1962,BW,Silent,00:12:00,Film,Super 8mm,,,Duplicate Print / デュープ　,Positive / ポジ,,16fps,,,,,,,,,,,,,,,,,,,,,"Metal / メタル缶; サイド：DADA62,表Taka Iimura, DADA62,(S.8mm), 1962,10min,slient, BW, Regular8->Super8mm transfer (2001)",DADA 62,,, 2001 transferred from Regual8mm to Super 8mm.Made it to screen it on Super8.,,CCJ
TA_021,IT_006,,IIMURA Takahiko,飯村隆彦,DADA 62,ダダ62,,,,,Iimura Takahiko,1962,BW,Silent,00:12:00,Film,Super 8mm,,,Duplicate Print / デュープ　,,,16fps,,,,,,,,,,,,,,,,,,,,,"Plastic / プラスチック; DADA62 (1962), Silent, 12min, For MoMA Jan. 10, 2013, Milwaukee Performance September 24",,,,2013 print. ,,CCJ
TA_021,IT_007,,IIMURA Takahiko,飯村隆彦,DADA 62,ダダ62,,,,,Iimura Takahiko,1964,BW,Silent,00:12:00,Film,16mm,,,Duplicate Print / デュープ　,Positive / ポジ,,24fps,,,,,,,,,,,,,,,,,,,,,"Plastic / プラスチック; Side: DADA62 (1962)
Top: DADA62, Taka Iimura ""DADA 62""-A Document of Yomiuri Independent,1962, Tokyo-
1962, min/B/W, silent, 24fps, 10 min, ; All rights reserved © 1962, Taka Iimura","Taka Iimura DADA'62, Silent, 24fps",,,16mmcopy,,CCJ
TA_021,IT_008,,IIMURA Takahiko,飯村隆彦,DADA 62,ダダ62,Blow-up from R. 8mm,,,,Iimura Takahiko,1962,BW,Silent,00:10:00,Film,16mm,,,Master / マスター,Positive / ポジ,,24fps,,,,,,,,,,,,,,,,,,,,,"TAKA Iimura, DADA 62; Taka Iimura DADA62, 1962, B/W, Silent, 24fps サイレント","Taka Iimura 飯村隆彦DADA62,サイレント、２４fps",,,16mm original,,CCJ
TA_021,IT_177,,IIMURA Takahiko,飯村隆彦,DADA 62,ダダ62,,,,,Iimura Takahiko,,BW,Silent,00:10:00,Film,16mm,,,Master / マスター,Positive / ポジ,,24fps,,,,,,,,,,,,,,,,,,,,,,,,,,,CCJ
TA_022,IT_018,,IIMURA Takahiko,飯村隆彦,DE SADE,ド・サド,,,,,Iimura Takahiko,1962,BW,Sound,00:09:00,Film,16mm,,,Master / マスター,Positive / ポジ,,24fps,,,,,,,,,,,,,,,,,,,,,Metal / メタル缶,,,,,,CCJ
TA_022,IT_019,,IIMURA Takahiko,飯村隆彦,DE SADE,ド・サド,,,,,Iimura Takahiko,1962,BW,Sound,00:09:00,Film,16mm,,,Duplicate Print / デュープ　,Positive / ポジ,,24fps,,,,,,,,,,,,,,,,,,,,,Metal / メタル缶; １９９５年プリント,,,,,,CCJ
TA_022,IT_020,,IIMURA Takahiko,飯村隆彦,DE SADE (old version),ド・サド(旧版),,,,,Iimura Takahiko,1962,BW,Sound,00:09:00,Film,16mm,,,Duplicate Print / デュープ　,Positive / ポジ,,24fps,,,,,,,,,,,,,,,,,,,,,Metal / メタル缶; １９９６年プリント,,,,20190326 LD—This component previously had its own Work ID. I decided to group it with the other versions of DESADE.,,CCJ
TA_022,IT_168,,IIMURA Takahiko,飯村隆彦,DE SADE,ド・サド,,,,,Iimura Takahiko,,BW,Sound,,Film,16mm,,,Master / マスター,Positive / ポジ,,24fps,,,,,,,,,,,,,,,,,,,,,,,,,,,CCJ
TA_024,IT_111,"10, 13",IIMURA Takahiko,飯村隆彦,Double Identities,ダブル・アイデンティティ,,,,,Iimura Takahiko,1980-04-25,,,00:08:00,Video,U-matic,,,Submaster / サブマスター,,,,,,,,,,,,,,,,,,,,,,,,,,,,"Although marked as a Master, annotations indicate it is a PAL to NTSC transfer",,CCJ
TA_025,IT_149,50,IIMURA Takahiko,飯村隆彦,Double Identities 2,ダブル・アイデンティティ,,,,,Iimura Takahiko,1993,,,00:07:00,Video,U-matic,,,,,,,,,,,,,,,,,,,,,,,,,,,,,,,May be Double Identities. LD 20190325—changed name to Double Identities 2 based on online research.,,CCJ
TA_026,IT_157,63,IIMURA Takahiko,飯村隆彦,Double Portrait,ダブル・ポートレート,,,,,Iimura Takahiko,1973–87,,,00:06:00,Video,U-matic S,,,,,,,,,,,,,,,,,,,,,,,,,,,,,,,Annotations indicate 'Effects Version.',,CCJ
TA_027,IT_071,,IIMURA Takahiko,飯村隆彦,Face,フェイス,Sound: Akiko Iimura laughing,,,,Iimura Takahiko,1968–69,Color,Sound,00:13:00,Film,16mm,,,,Positive / ポジ,,,,,,,,,,,,,,,,,,,,,,,,,,,,,CCJ
TA_027,IT_174,,IIMURA Takahiko,飯村隆彦,Face,フェイス,,,,,Iimura Takahiko,1968–69,Color,,00:13:00,Film,16mm,,,Master / マスター,Positive / ポジ,,,,,,,,,,,,,,,,,,,,,,,,,,,No picture,,CCJ
TA_027,IT_175,,IIMURA Takahiko,飯村隆彦,Face,フェイス,,,,,Iimura Takahiko,,,,,Film,16mm,,,Master / マスター,Negative / ネガ,,,,,,,,,,,,,,,,,,,,,,,,,,,Only sound,,CCJ
TA_028,IT_241,,IIMURA Takahiko,飯村隆彦,Film Independents,フィルム・アンデパンダン(飯村作品除く),,,,,Iimura Takahiko,,BW,Silent,00:32:00,Film,16mm,,,,Positive / ポジ,,24fps,,,,,,,,,,,,,,,,,,,,,None / なし; 飯村作品「うらとおもて」「My Documentary」を含まず、別リール,,,,,,
TA_028,IT_242,,IIMURA Takahiko,飯村隆彦,Film Independents,フィルム・アンデパンダン,,,,,Iimura Takahiko,,BW,Silent,00:32:00,Film,16mm,,,Master / マスター,Positive / ポジ,,24fps,,,,,,,,,,,,,,,,,,,,,,,,,,,
TA_029,IT_078,,IIMURA Takahiko,飯村隆彦,Film Strips I,フィルム・ストリップス Ⅰ,Sound by Takahiko Iimura,,,,Iimura Takahiko,1966–70,BW,Sound,00:14:00,Film,16mm,,,,Positive / ポジ,,,,,,,,,,,,,,,,,,,,,,,,,,,,,CCJ
TA_029,IT_079,,IIMURA Takahiko,飯村隆彦,Film Strips I,フィルム・ストリップス Ⅰ,,,,,Iimura Takahiko,1966–70,BW,Silent,00:12:00,Film,16mm,,,,Positive / ポジ,,,,,,,,,,,,,,,,,,,,,,,"IIMURA PRO. C-1. Film Strips I (1966-1970), Film Strips I (Silent, 24fps), Film Strips I (1966-70), Silent 24fps",,,,,,CCJ
TA_029,IT_192,,IIMURA Takahiko,飯村隆彦,Film Strips I,歯には歯を,,,,,Iimura Takahiko,,,,,Film,16mm,,,Master / マスター,Internegative / インターネガ,,,,,,,,,,,,,,,,,,,,,,,,,,,Picture,,CCJ
TA_030,IT_077,,IIMURA Takahiko,飯村隆彦,Film Strips II,フィルム・ストリップス Ⅱ,,,,,Iimura Takahiko,1966–70,BW,Silent,00:13:00,Film,16mm,,,,Positive / ポジ,,,,,,,,,,,,,,,,,,,,,,,,,,,,,CCJ
TA_030,IT_080,,IIMURA Takahiko,飯村隆彦,Film Strips II,フィルム・ストリップス Ⅱ,,,,,Iimura Takahiko,1966–70,BW,Silent,00:13:00,Film,16mm,,,,Positive / ポジ,,,,,,,,,,,,,,,,,,,,,,,,,,,,,CCJ
TA_030,IT_081,,IIMURA Takahiko,飯村隆彦,Film Strips II,フィルム・ストリップス Ⅱ,Sound by Takahiko Iimura,,,,Iimura Takahiko,1966–70,BW,Sound,00:17:00,Film,16mm,,,,Positive / ポジ,,,,,,,,,,,,,,,,,,,,,,,,,,,,,CCJ
TA_030,IT_191,,IIMURA Takahiko,飯村隆彦,Film Strips II,歯には歯を,,,,,Iimura Takahiko,1966–70,,,,Film,16mm,,,Master / マスター,Positive / ポジ,,,,,,,,,,,,,,,,,,,,,,,Film Strips 2 Inter Nega pix （プリント作成後）. Film Strips 2 Posi pix. Film Strips II 禁上映　「マスターだから）,,,,Picture,,CCJ
TA_031,IT_235,,IIMURA Takahiko,飯村隆彦,FILMMAKERS,フィルムメーカーズ,,,,,Iimura Takahiko,,Color,Sound,00:30:00,Film,16mm,,,Master / マスター,Positive / ポジ,,24fps,,,,,,,,,,,,,,,,,,,,,Metal / メタル缶; フレクサム(株) 16mm ポジフィルム 16mm サウンドポジフィルム　原版,,,,音 / 映像　別フィルム(景2本),,
TA_031,IT_236,,IIMURA Takahiko,飯村隆彦,FILMMAKERS,フィルムメーカーズ,,,,,Iimura Takahiko,,Color,Sound,00:30:00,Film,16mm,,,,Positive / ポジ,,24fps,,,,,,,,,,,,,,,,,,,,,Plastic / プラスチック,,,,,,
TA_031,IT_237,,IIMURA Takahiko,飯村隆彦,FILMMAKERS,フィルムメーカーズ,,,,,Iimura Takahiko,,Color,Sound,00:30:00,Film,16mm,,,,Positive / ポジ,,24fps,,,,,,,,,,,,,,,,,,,,,Plastic / プラスチック,,,,,,
TA_032,IT_068,,IIMURA Takahiko,飯村隆彦,Flowers' Orgy,フラワーズ・オージー,Sound by Takahiko Iimura,,,,Iimura Takahiko,1968–69,Color,Sound,00:10:00,Film,16mm,,,Duplicate Print / デュープ　,Positive / ポジ,,,,,,,,,,,,,,,,,,,,,,,,,,,,,CCJ
TA_032,IT_069,,IIMURA Takahiko,飯村隆彦,Flowers' Orgy,フラワーズ・オージー,Sound by Takahiko Iimura,,,,Iimura Takahiko,1968–69,Color,Sound,00:10:00,Film,16mm,,,Duplicate Print / デュープ　,Positive / ポジ,,,,,,,,,,,,,,,,,,,,,,,,,,,,,CCJ
TA_032,IT_070,,IIMURA Takahiko,飯村隆彦,Flowers' Orgy,フラワーズ・オージー,Sound by Takahiko Iimura,,,,Iimura Takahiko,1968–69,Color,Sound,00:10:00,Film,16mm,,,Duplicate Print / デュープ　,Positive / ポジ,,,,,,,,,,,,,,,,,,,,,,,,,,,,,CCJ
TA_032,IT_073,,IIMURA Takahiko,飯村隆彦,Flowers' Orgy,フラワーズ・オージー,,,,,Iimura Takahiko,1968,Color,Sound,00:12:00,Film,16mm,,,Duplicate Print / デュープ　,Positive / ポジ,,24fps,,,,,,,,,,,,,,,,,,,,,"TAKA IIMURA FLOWERS' ORGY, 1968, 12 min, color, sound. Performance by Yayoi Kusama",,,,,,CCJ
TA_033,IT_066,,IIMURA Takahiko,飯村隆彦,Flowers,フラワーズ,Sound by Takahiko Iimura,,,,Iimura Takahiko,1968–69,Color,Sound,00:11:00,Film,16mm,,,,Positive / ポジ,,24fps,,,,,,,,,,,,,,,,,,,,,Print 1997,,,,,,CCJ
TA_033,IT_067,,IIMURA Takahiko,飯村隆彦,Flowers,フラワーズ,Sound by Takahiko Iimura,,,,Iimura Takahiko,1968–69,Color,Sound,,Film,16mm,,,,Positive / ポジ,,24fps,,,,,,,,,,,,,,,,,,,,,,,,,,,CCJ
TA_033,IT_166,,IIMURA Takahiko,飯村隆彦,Flowers,フラワーズ,,,,,Iimura Takahiko,1968–69,Color,,00:11:00,Film,16mm,,,Master / マスター,Positive / ポジ,,,,,,,,,,,,,,,,,,,,,,,,,,,,,CCJ
TA_034,IT_129,31,IIMURA Takahiko,飯村隆彦,Fluxus Replayed,フルクサス・リプレイド,Documentation of Fluxus; camera Phill Niblock and Taka Iimura.,,,,Iimura Takahiko,1991,,,,Video,U-matic,,,Submaster / サブマスター,,,,,,,,,,,,,,,,,,,,,,,,,,,,Annotations indicate transfer from Betacam.,,CCJ
TA_035,IT_240,,IIMURA Takahiko,飯村隆彦,Front and Back / My Documentary,うらとおもて / My Documentary,,,,,Iimura Takahiko,,BW,Silent,00:07:00,Film,16mm,,,,Positive / ポジ,,24fps,,,,,,,,,,,,,,,,,,,,,Plastic / プラスチック; それぞれ別に分かれているので、一本にまとめる(フッテージが分散しているのを直す)　side: フィルム・アンデパンダン　2分　映画集あり「うらとおもて」「マイ・ドキュメンタリー」,,,,Front and back 2 min/ my documentary 5 miin,,
TA_036,IT_120,"19, 22",IIMURA Takahiko,飯村隆彦,Happy Halloween,ハッピー・ハロウィーン,,,,,Iimura Takahiko,1983,,,00:11:00,Video,U-matic S,,,Master / マスター,,,,,,,,,,,,,,,,,,,,,,,,,,,,,,CCJ
TA_037,IT_063,,IIMURA Takahiko,飯村隆彦,Honey Moon,ハニー・ムーン,,,,,Iimura Takahiko,1966,Color,Silent,00:09:00,Film,16mm,,,Master / マスター,Positive / ポジ,,16fps,,,,,,,,,,,,,,,,,,,,,1966 Print,,,,,,CCJ
TA_037,IT_193,,IIMURA Takahiko,飯村隆彦,Honey Moon,ハニー・ムーン,,,,,Iimura Takahiko,,,,,Film,16mm,,,Master / マスター,Positive / ポジ,,,,,,,,,,,,,,,,,,,,,,,"Honey Moon Pix 原版；いろ原版絵・音ポジ[sound is circled, probaby only sound]","Honey Moon, Silent, 16 koma, 16fps",,,,,CCJ
TA_038,IT_074,,IIMURA Takahiko,飯村隆彦,I Love You,アイ・ラブ・ユー,,,,,Iimura Takahiko,1970,Color,Sound,00:08:00,Film,16mm,,,,Positive / ポジ,,24fps,,,,,,,,,,,,,,,,,,,,,,,,,,,CCJ
TA_039,IT_038,,IIMURA Takahiko,飯村隆彦,I Saw the Shadow,私は影を見た,Blow-up from R. 8mm,,,,Iimura Takahiko,1966,BW,Silent,00:12:00,Film,8mm,,,Master / マスター,Positive / ポジ,,16fps,,,,,,,,,,,,,,,,,,,,,Plastic / プラスチック,,,,,,CCJ
TA_039,IT_039,,IIMURA Takahiko,飯村隆彦,I Saw the Shadow,私は影を見た,Blow-up from R. 8mm,,,,Iimura Takahiko,1966,BW,Silent,00:12:00,Film,8mm,,,Duplicate Print / デュープ　,Positive / ポジ,,16fps,,,,,,,,,,,,,,,,,,,,,Plastic / プラスチック,,,,,,CCJ
TA_039,IT_040,,IIMURA Takahiko,飯村隆彦,I Saw the Shadow,私は影を見た,,,,,Iimura Takahiko,1966,BW,Silent,,Film,8mm,,,Camera Original / カメラ・オリジナル,Reversal Positive / リバーサル・ポジ,,,,,,,,,,,,,,,,,,,,,,,Plastic / プラスチック,,,,,,CCJ
TA_039,IT_041,,IIMURA Takahiko,飯村隆彦,I Saw the Shadow,私は影を見た,,,,,Iimura Takahiko,1966,BW,Silent,00:09:00,Film,16mm,,,Duplicate Print / デュープ　,Positive / ポジ,,16fps,,,,,,,,,,,,,,,,,,,,,"Plastic / プラスチック; 1996 Black /White, 16fps, 9min, Original, Double performation, ",,,,,,CCJ
TA_039,IT_042,,IIMURA Takahiko,飯村隆彦,I Saw the Shadow,私は影を見た,,,,,Iimura Takahiko,1966,BW,Silent,00:13:00,Film,16mm,,,Duplicate Print / デュープ　,Positive / ポジ,,16fps,,,,,,,,,,,,,,,,,,,,,Plastic / プラスチック,,mold,,,,CCJ
TA_039,IT_043,,IIMURA Takahiko,飯村隆彦,I Saw the Shadow,私は影を見た,,,,,Iimura Takahiko,1966,BW,Silent,00:12:00,Film,16mm,,,Master / マスター,Positive / ポジ,,16fps,,,,,,,,,,,,,,,,,,,,,Plastic / プラスチック; 1996 print,,Good,,,,CCJ
TA_040,IT_083,,IIMURA Takahiko,飯村隆彦,In the River,イン・ザ・リバー,Sound by Takahiko Iimura,,,,Iimura Takahiko,1969–70,Color,Sound,00:18:00,Film,16mm,,,Duplicate Print / デュープ　,Positive / ポジ,,24fps,,,,,,,,,,,,,,,,,,,,,,,,,,,CCJ
TA_040,IT_084,,IIMURA Takahiko,飯村隆彦,In the River,イン・ザ・リバー,Sound by Takahiko Iimura,,,,Iimura Takahiko,1969–70,Color,Sound,00:17:00,Film,16mm,,,Duplicate Print / デュープ　,Positive / ポジ,,24fps,,,,,,,,,,,,,,,,,,,,,"1969-70. Color, 17min, Music by   Taka Iimura. Print 1996",,,,,,CCJ
TA_040,IT_187,,IIMURA Takahiko,飯村隆彦,In the River,イン・ザ・リバー,,,,,Iimura Takahiko,,,,,Film,16mm,,,Master / マスター,Positive / ポジ,,,,,,,,,,,,,,,,,,,,,,,In the River Pix & Snd: Both Posi 原版,In the River TRK (Posi) ,,,,,CCJ
TA_040,IT_188,,IIMURA Takahiko,飯村隆彦,In the River,イン・ザ・リバー,,,,,Iimura Takahiko,,,,,Film,16mm,,,Master / マスター,Positive / ポジ,,,,,,,,,,,,,,,,,,,,,,,In the River Pix & Snd: Both Posi 原版,Pix,,,,,CCJ
TA_041,IT_021,,IIMURA Takahiko,飯村隆彦,IRO (Colors),いろ,,,,,Iimura Takahiko,1962,Color,Silent,00:14:00,Film,8mm,,,Camera Original / カメラ・オリジナル,Reversal Positive / リバーサル・ポジ,,16fps,,,,,,,,,,,,,,,,,,,,,,,,,,,CCJ
TA_041,IT_022,,IIMURA Takahiko,飯村隆彦,IRO (Colors),いろ,Blow-up from R. 8mm,,Sound by Tone Yasunao,音：刀根康尚,Iimura Takahiko,1962,Color,Sound,00:11:00,Film,16mm,,,Duplicate Print / デュープ　,Positive / ポジ,,24fps,,,,,,,,,,,,,,,,,,,,,,,,,,,CCJ
TA_041,IT_023,,IIMURA Takahiko,飯村隆彦,IRO (Colors),いろ,Blow-up from R. 8mm,,Sound by Tone Yasunao,音：刀根康尚,Iimura Takahiko,1962,Color,Sound,00:11:00,Film,16mm,,,Duplicate Print / デュープ　,Positive / ポジ,,24fps,,,,,,,,,,,,,,,,,,,,,,,,,Master 16mm is missing,,CCJ
TA_041,IT_162,,IIMURA Takahiko,飯村隆彦,IRO (Colors),いろ,Plus 1/4 inch tape track,,,,Iimura Takahiko,1962,,Silent,,Film,8mm,,,Master / マスター,Positive / ポジ,,16fps,,,,,,,,,,,,,,,,,,,,,,,,,,,CCJ
TA_041,IT_178,,IIMURA Takahiko,飯村隆彦,IRO (Colors),いろ,,,,,Iimura Takahiko,1962,,,,Film,16mm,,,Master / マスター,Positive / ポジ,,,,,,,,,,,,,,,,,,,,,,,,,,,,,Iimura
TA_041,IT_179,,IIMURA Takahiko,飯村隆彦,IRO (Colors),いろ,,,,,Iimura Takahiko,1962,,,,,,,,,Negative / ネガ,,,,,,,,,,,,,,,,,,,,,,,Sound nega,,,,,,Iimura
TA_041,IT_194,,IIMURA Takahiko,飯村隆彦,IRO (Colors),いろ,,,,,Iimura Takahiko,,,,,,,,,Duplicate Print / デュープ　,Positive / ポジ,,,,,,,,,,,,,,,,,,,,,,,"Honey Moon Pix 原版；いろ原版絵・音ポジ[sound is circled, probaby only sound]",IRO 音ポジ　Top,,,Iimura says the label indicates genpan but it's not. Looking for the master,,CCJ
TA_042,IT_153,"54, 28-1",IIMURA Takahiko,飯村隆彦,John Cage Performs James Joyce,ジョン・ケージ・パフォームス・ジェームス・ジョイス,,,,,Iimura Takahiko,1985,,,00:15:00,Video,U-matic S,,,Master / マスター,,,,,,,,,,,,,,,,,,,,,,,,,,,,Date is from catalog.,,CCJ
TA_042,IT_251,"54, 28-9",IIMURA Takahiko,飯村隆彦,John Cage Performs James Joyce,ジョン・ケージ・パフォームス・ジェームス・ジョイス,,,,,Iimura Takahiko,,,,00:15:00,Video,U-matic S,,,Master / マスター,,,,,,,,,,,,,,,,,,,,,,,,,,,,,,CCJ
TA_043,IT_001,,IIMURA Takahiko,飯村隆彦,Junk,くず,,,,,Iimura Takahiko,1962,BW,Silent,,Film,16mm,,,,Positive / ポジ,,,,,,,,,,,,,,,,,,,,,,,"Plastic / プラスチック; Side: 飯村隆彦くず1962、BW、サイレント
上：飯村隆彦くず1962,　16ミリ（ブローアップ）、モノクロ、サイレント、16コマ","フィルム：＜Head>　飯村隆彦　くず、サイレント
リール：くず、サイレント、プリント、1962、（’94）",,,"Iimura states:  He verified there is no sound, the film. The feet information comes from Iimura's list. 284 feet.",,CCJ
TA_043,IT_002,,IIMURA Takahiko,飯村隆彦,Junk,くず,,,,,Iimura Takahiko,1962,,Optical,,Film,16mm,,,,Positive / ポジ,,24fps,,,,,,,,,,,,,,,,,,,,,"Plastic / プラスチック;  サイド：飯村隆彦、くず、1962、7分、サウンド
表：IIMURA proA-1、くず、(1962）JUNKS、飯村隆彦、８’、8分、サウンド、プリント1998、24fps、Sound","フィルム：JUNKS <HEAD> Taka Iimura　くず
リール：JUNKS,くず、1962年、飯村隆彦
裏：くず、JUNKS,24fps、Sound",,,最初は音をつけたけど、音をつけた方がファイナル版,,CCJ
TA_043,IT_003,,IIMURA Takahiko,飯村隆彦,Junk,くず,,,,,Iimura Takahiko,1962,,,,Film,16mm,,,,,,,,,,,,,,,,,,,,,,,,,,,"サイド：KUZU, (Junks）、1962
表：KUZU,（JUNKS),1962, 10Min,　B/W, sound,　By Takahiko Iimura (Blowup from 8mm、R.8mm), Music by Takahisa Kosugi、プリント2007","リール：Taka IIMURA,OPT,SND,",,,プリントは2007年,,CCJ
TA_043,IT_160,,IIMURA Takahiko,飯村隆彦,Junk,くず,,,,,Iimura Takahiko,,BW,Silent,00:04:00,Film,8mm,,,Master / マスター,Positive / ポジ,,,,,,,,,,,,,,,,,,,,,,,,,,,,,CCJ
TA_043,IT_181,,IIMURA Takahiko,飯村隆彦,Junk,くず,,,,,Iimura Takahiko,1962,BW,,00:08:00,Film,16mm,,,Master / マスター,Positive / ポジ,,,,,,,,,,,,,,,,,,,,,,,"くず原版（Pix,Snd)",,,,Positive pix,,CCJ
TA_043,IT_182,,IIMURA Takahiko,飯村隆彦,Junk,くず,,,,,Iimura Takahiko,1962,,,,Film,16mm,,,Master / マスター,Negative / ネガ,,,,,,,,,,,,,,,,,,,,,,,,,,,Snd track negative,,CCJ
TA_044,IT_247,,IIMURA Takahiko,飯村隆彦,Lightning,ライトニング,,,,,Iimura Takahiko,,BW,Silent,00:22:00,Film,16mm,,,Master / マスター,Positive / ポジ,,24fps,,,,,,,,,,,,,,,,,,,,,Metal / メタル缶,,Unfinished,,,,
TA_045,IT_209,,IIMURA Takahiko,飯村隆彦,MA (Intervals),間(インターバルス),,,,,Iimura Takahiko,,BW,Sound,00:22:00,Film,16mm,,,Master / マスター,Positive / ポジ,,24fps,,,,,,,,,,,,,,,,,,,,,Plastic / プラスチック,,,,,,
TA_045,IT_210,,IIMURA Takahiko,飯村隆彦,MA (Intervals),間(インターバルス),,,,,Iimura Takahiko,,Color,Sound,00:22:00,Film,16mm,,,Master / マスター,Positive / ポジ,,24fps,,,,,,,,,,,,,,,,,,,,,Plastic / プラスチック; 光学録音 / サウンドトラックのスクラッチミュージックのため、ボリュームは大きくしてください,,,,,,
TA_046,IT_132,"34, 4-2",IIMURA Takahiko,飯村隆彦,MA: Space/Time in the Garden of Ryoan-ji,間：竜安寺石庭の時／空間,,,,,Iimura Takahiko,1989,,,,Video,U-matic S,,,Master Film Transfer,,,,,,,,,,,,,,,,,,,,,,,,,,,,"Marked ""Best"". Transfer from film.",,CCJ
TA_046,IT_219,,IIMURA Takahiko,飯村隆彦,MA: Space/Time in the Garden of Ryoan-ji,間：竜安寺石庭の時／空間,,,,,Iimura Takahiko,,Color,Sound,00:15:00,Film,16mm,,,,Positive / ポジ,,24fps,,,,,,,,,,,,,,,,,,,,,Plastic / プラスチック,,,,,,
TA_046,IT_220,,IIMURA Takahiko,飯村隆彦,MA: Space/Time in the Garden of Ryoan-ji,間：竜安寺石庭の時／空間,,,,,Iimura Takahiko,,Color,Sound,00:15:00,Film,16mm,,,,Positive / ポジ,,24fps,,,,,,,,,,,,,,,,,,,,,Plastic / プラスチック,,,,,,
TA_046,IT_221,,IIMURA Takahiko,飯村隆彦,MA: Space/Time in the Garden of Ryoan-ji,間：竜安寺石庭の時／空間,,,,,Iimura Takahiko,,Color,Sound,00:15:00,Film,16mm,,,,Positive / ポジ,,24fps,,,,,,,,,,,,,,,,,,,,,Plastic / プラスチック; new,,,,,,
TA_046,IT_222,,IIMURA Takahiko,飯村隆彦,MA: Space/Time in the Garden of Ryoan-ji,間：竜安寺石庭の時／空間,,,,,Iimura Takahiko,,Color,Sound,00:15:00,Film,16mm,,,,Positive / ポジ,,24fps,,,,,,,,,,,,,,,,,,,,,Plastic / プラスチック; パーフォレーションの乱れあり / 要注意,,,,,,
TA_046,IT_223,,IIMURA Takahiko,飯村隆彦,MA: Space/Time in the Garden of Ryoan-ji,間：竜安寺石庭の時／空間,,,,,Iimura Takahiko,,Color,Sound,00:15:00,Film,16mm,,,,Positive / ポジ,,24fps,,,,,,,,,,,,,,,,,,,,,Plastic / プラスチック; used,,,,,,
TA_046,IT_224,,IIMURA Takahiko,飯村隆彦,MA: Space/Time in the Garden of Ryoan-ji,間：竜安寺石庭の時／空間,,,,,Iimura Takahiko,,Color,Sound,00:15:00,Film,16mm,,,,Positive / ポジ,,24fps,,,,,,,,,,,,,,,,,,,,,Plastic / プラスチック; メトロポリタン美術館委嘱作品,,,,,,
TA_046,IT_254,,IIMURA Takahiko,飯村隆彦,MA: Space/Time in the Garden of Ryoan-ji,間：竜安寺石庭の時／空間,,,,,Iimura Takahiko,,,,,,,,,,,,,,,,,,,,,,,,,,,,,,,,,,,,,,,
TA_047,IT_103,2017-04-03,IIMURA Takahiko,飯村隆彦,Man and Woman,男と女,,,,,Iimura Takahiko,1976,,,,Video,S-VHS,,,Master / マスター,,,,,,,,,,,,,,,,,,,,,,,,,,,,,,CCJ
TA_047,IT_105,2,IIMURA Takahiko,飯村隆彦,Man and Woman,男と女,,,,,Iimura Takahiko,1992,,,,Video,U-matic S,,,Master / マスター,,,,,,,,,,,,,,,,,,,,,,,,,,,,Annotations indicate this is a re-edit of 1971 work. See also TI_106.,,CCJ
TA_047,IT_106,"3, 4",IIMURA Takahiko,飯村隆彦,Man and Woman,男と女,,,,,Iimura Takahiko,1992,,,,Video,U-matic S,,,Master / マスター,,,,,,,,,,,,,,,,,,,,,,,,,,,,Annotations indicate this is a re-edit of 1971 work. See also TI_105.,,CCJ
TA_048,IT_243,,IIMURA Takahiko,飯村隆彦,"MODELS, Reel 1",モデルス、リール1,,,,,Iimura Takahiko,,BW,Sound,00:44:00,Film,16mm,,,,Positive / ポジ,,24fps,,,,,,,,,,,,,,,,,,,,,Metal / メタル缶; master posi,,,,MODELS Reel 2 と同一のケース入り,,
TA_049,IT_244,,IIMURA Takahiko,飯村隆彦,"MODELS, Reel 2",モデルス、リール2,,,,,Iimura Takahiko,,BW,Sound,00:46:00,Film,16mm,,,,Positive / ポジ,,24fps,,,,,,,,,,,,,,,,,,,,,Metal / メタル缶; master posi,,,,MODELS Reel 1 と同一のケース入り,,
TA_050,IT_155,61,IIMURA Takahiko,飯村隆彦,Moments at the Rock,岩での瞬間,,,,,Iimura Takahiko,1985,,,00:12:00,Video,U-matic S,,,,,,,,,,,,,,,,,,,,,,,,,,,,,,,,,CCJ
TA_051,IT_147,49,IIMURA Takahiko,飯村隆彦,Monet Garden Synthesized,モネの庭,,,,,Iimura Takahiko,1988,,,00:14:30,Video,U-matic S,,,Master / マスター,,,,,,,,,,,,,,,,,,,,,,,,,,,,,,CCJ
TA_052,IT_124,"26, 41-3",IIMURA Takahiko,飯村隆彦,New York Day and Night,ニューヨーク　デイ・アンド・ナイト,,,,,Iimura Takahiko,1989,,,00:56:00,Video,U-matic,,,Master / マスター,,,,,,,,,,,,,,,,,,,,,,,,,,,,,,CCJ
TA_052,IT_125,"4, 41-4",IIMURA Takahiko,飯村隆彦,New York Day and Night,ニューヨーク　デイ・アンド・ナイト,,,,,Iimura Takahiko,1989,,,,Video,U-matic,,,Submaster / サブマスター,,,,,,,,,,,,,,,,,,,,,,,,,,,,Annotations indicate PAL version from NTSC master.,,CCJ
TA_053,IT_141,74,IIMURA Takahiko,飯村隆彦,New York Hotspring,ニューヨーク・ホットスプリング,Tape B for installation,,,,Iimura Takahiko,1985,,,00:01:35,Video,U-matic,,,Master / マスター,,,,,,,,,,,,,,,,,,,,,,,,,,,,,,CCJ
TA_053,IT_142,73,IIMURA Takahiko,飯村隆彦,New York Hotspring,ニューヨーク・ホットスプリング,Tape A for installation,,,,Iimura Takahiko,1985,,,00:01:45,Video,U-matic,,,Master / マスター,,,,,,,,,,,,,,,,,,,,,,,,,,,,,,CCJ
TA_054,IT_059,,IIMURA Takahiko,飯村隆彦,New York Scene,ニューヨーク・シーン,,,,,Iimura Takahiko,,BW,,,Film,16mm,,,Master / マスター,Internegative / インターネガ,,,,,,,,,,,,,,,,,,,,,,,,,,,Blow-up,,CCJ
TA_054,IT_060,,IIMURA Takahiko,飯村隆彦,New York Scene,ニューヨーク・シーン,Blow-up from R. 8mm,,,,Iimura Takahiko,1966,BW & Color,Silent,00:24:00,Film,16mm,,,Duplicate Print / デュープ　,Positive / ポジ,,16fps,,,,,,,,,,,,,,,,,,,,,,,Mold,,,,CCJ
TA_054,IT_232,,IIMURA Takahiko,飯村隆彦,New York Scene,ニューヨーク・シーン,,,,,Iimura Takahiko,,BW & Color,Silent,00:24:00,Film,16mm,,,,Positive / ポジ,,24fps,,,,,,,,,,,,,,,,,,,,,Plastic / プラスチック,,,,,,
TA_055,IT_056,,IIMURA Takahiko,飯村隆彦,New York Scene 1,ニューヨーク・シーン1,,,,,Iimura Takahiko,1966–69,BW,Silent,00:35:00,Film,8mm,,,Camera Original / カメラ・オリジナル,Reversal Positive / リバーサル・ポジ,,16fps,,,,,,,,,,,,,,,,,,,,,,,,,,,CCJ
TA_056,IT_055,,IIMURA Takahiko,飯村隆彦,New York Scene 2,ニューヨーク・シーン2,,,,,Iimura Takahiko,1966,BW & Color,Silent,00:35:00,Film,8mm,,,Camera Original / カメラ・オリジナル,Reversal Positive / リバーサル・ポジ,,16fps,,,,,,,,,,,,,,,,,,,,,,,,,,,CCJ
TA_057,IT_057,,IIMURA Takahiko,飯村隆彦,New York Scene 3,ニューヨーク・シーン3,,,,,Iimura Takahiko,1966,Color,Silent,,Film,8mm,,,Camera Original / カメラ・オリジナル,Reversal Positive / リバーサル・ポジ,,16fps,,,,,,,,,,,,,,,,,,,,,,,,,,,CCJ
TA_058,IT_058,,IIMURA Takahiko,飯村隆彦,New York Scene 4,ニューヨーク・シーン4,,,,,Iimura Takahiko,1966,Color,Silent,00:40:00,Film,8mm,,,Camera Original / カメラ・オリジナル,Reversal Positive / リバーサル・ポジ,,16fps,,,,,,,,,,,,,,,,,,,,,,,,,,,CCJ
TA_059,IT_143,72,IIMURA Takahiko,飯村隆彦,New York Video Diary,ニューヨーク・ヴィデオ・ダイアリー,,,,,Iimura Takahiko,1983,,,00:47:00,Video,U-matic,,,Master / マスター,,,,,,,,,,,,,,,,,,,,,,,,,,,,,,CCJ
TA_060,IT_246,,IIMURA Takahiko,飯村隆彦,NOW,ナウ,,,,,Iimura Takahiko,,BW,Sound,00:16:00,Film,16mm,,,,Positive / ポジ,,24fps,,,,,,,,,,,,,,,,,,,,,Plastic / プラスチック,,,,,,
TA_061,IT_255,,IIMURA Takahiko,飯村隆彦,Observer/Observed,オブザーバ/ オブザーブド,,,,,Iimura Takahiko,,,,,,,,,,,,,,,,,,,,,,,,,,,,,,,,,,,,,,,
TA_062,IT_169,,IIMURA Takahiko,飯村隆彦,On Eye Rape,オン・アイ・レイプ,,,,,Iimura Takahiko,,Color,Silent,,Film,16mm,,,Master / マスター,Positive / ポジ,,,,,,,,,,,,,,,,,,,,,,,途中コマ流れOK,,,,painted color on b/w. ,,CCJ
TA_062,IT_170,,IIMURA Takahiko,飯村隆彦,On Eye Rape,オン・アイ・レイプ,,,,,Iimura Takahiko,,Color,Silent,,Film,16mm,,,Camera Original / カメラ・オリジナル,Positive / ポジ,,,,,,,,,,,,,,,,,,,,,,,コマ流れなし　オールド・フィルム、上映金　オリジナル・フィルム上映金,,,,With splices. Original painted color. Jyouei kinshi,,CCJ
TA_063,IT_024,,IIMURA Takahiko,飯村隆彦,ONAN,オナン,,,Music by Tone Yasunao,音：刀根康尚,Iimura Takahiko,1964,BW,Sound,00:08:00,Film,16mm,,,Duplicate Print / デュープ　,Positive / ポジ,,24fps,,,,,,,,,,,,,,,,,,,,,Plastic / プラスチック,,,,,,CCJ
TA_063,IT_025,,IIMURA Takahiko,飯村隆彦,ONAN,オナン,,,Music by Tone Yasunao,音：刀根康尚,Iimura Takahiko,1964,BW,Sound,00:08:00,Film,16mm,,,Duplicate Print / デュープ　,Positive / ポジ,,24fps,,,,,,,,,,,,,,,,,,,,,Plastic / プラスチック; 1991 print,,,,,,CCJ
TA_063,IT_101,,IIMURA Takahiko,飯村隆彦,ONAN,オナン,,,,,Iimura Takahiko,1964,BW,Sound,00:07:00,Film,16mm,,,Duplicate Print / デュープ　,Positive / ポジ,,,,,,,,,,,,,,,,,,,,,,,,,"Damaged film, Vinegar",,,,CCJ
TA_063,IT_102,,IIMURA Takahiko,飯村隆彦,ONAN,オナン,,,,,Iimura Takahiko,1964,,,00:07:00,Film,16mm,,,Duplicate Print / デュープ　,Positive / ポジ,,,,,,,,,,,,,,,,,,,,,,,,,"Damaged, Vinegar",,,,CCJ
TA_064,IT_086,,IIMURA Takahiko,飯村隆彦,One Frame Duration,一コマの長さ,Sound by Takahiko Iimura,,,,Iimura Takahiko,1975–77,BW & Color,Sound,00:11:00,Film,16mm,,,Master / マスター,Positive / ポジ,,24fps,,,,,,,,,,,,,,,,,,,,,With track,,Vinegar smell,,There's sound,,CCJ
TA_064,IT_087,,IIMURA Takahiko,飯村隆彦,One Frame Duration,一コマの長さ,Sound by Takahiko Iimura,,,,Iimura Takahiko,1977,BW,Sound,00:11:00,Film,16mm,,,Duplicate Print / デュープ　,Positive / ポジ,,24fps,,,,,,,,,,,,,,,,,,,,,"Metal / メタル缶; Side:ONE FRAME DURATION ,TIMED 1-3 
TOP: ONE FRAME DUTATION,SND,1977.11min,B/W,Sound","One Frame Duration, Set Volume Full,sSound,Louder,by Takahiko IIMURA",,,,,CCJ
TA_065,IT_099,,IIMURA Takahiko,飯村隆彦,Parallel,パラレル,,,,,Iimura Takahiko,1973,BW,Silent,00:05:00,Film,16mm,,,Duplicate Print / デュープ　,Positive / ポジ,,24fps,,,,,,,,,,,,,,,,,,,,,"Metal / メタル缶; side:PARALLELTakahiko Iimura B/W 24FPS. Silent
TOP:PARALLELTakahiko Iimura B/W 24FPS. Silent",,,,,,CCJ
TA_066,IT_167,,IIMURA Takahiko,飯村隆彦,Repeated/Reversed Time,反復し／逆行する時間,,,,,Iimura Takahiko,1980,BW,Silent,00:09:00,Film,16mm,,,Master / マスター,Positive / ポジ,,24fps,,,,,,,,,,,,,,,,,,,,,,,,,,,CCJ
TA_066,IT_214,,IIMURA Takahiko,飯村隆彦,Repeated/Reversed Time,反復し／逆行する時間,,,,,Iimura Takahiko,,BW,Silent,00:09:00,Film,16mm,,,Master / マスター,Positive / ポジ,,24fps,,,,,,,,,,,,,,,,,,,,,Plastic / プラスチック,,,,,,
TA_066,IT_215,,IIMURA Takahiko,飯村隆彦,Repeated/Reversed Time,反復し／逆行する時間,,,,,Iimura Takahiko,,BW,Silent,00:09:00,Film,16mm,,,,Positive / ポジ,,24fps,,,,,,,,,,,,,,,,,,,,,"Plastic / プラスチック; Conceived , directed ,editied, sounde made by TAKA IIMURA  optical sound 12 min",,,,,,
TA_067,IT_119,"18, 20",IIMURA Takahiko,飯村隆彦,Robina Rose and Me,ロビーナ・ローズと私,,,,,Iimura Takahiko,1983,,,00:12:00,Video,U-matic S,,,Master / マスター,,,,,,,,,,,,,,,,,,,,,,,,,,,,Annotations indicate it is a bilingual master.,,CCJ
TA_068,IT_033,,IIMURA Takahiko,飯村隆彦,Rose Color Dance,バラ色ダンス,,,,,Iimura Takahiko,1965,BW,Silent,00:13:00,Film,16mm,,,Duplicate Print / デュープ　,Positive / ポジ,,16fps,,,,,,,,,,,,,,,,,,,,,"Top: 13min
Side: 9 min",,,,,,CCJ
TA_068,IT_163,,IIMURA Takahiko,飯村隆彦,Rose Color Dance,ばら色ダンス,,,,,Iimura Takahiko,,BW,,,Film,8mm,,,Master / マスター,Positive / ポジ,,,,,,,,,,,,,,,,,,,,,,,,,,,,,CCJ
TA_068,IT_180,,IIMURA Takahiko,飯村隆彦,Rose Color Dance,バラ色ダンス,,,,,Iimura Takahiko,,BW,Silent,00:09:00,,,,,,,,16fps,,,,,,,,,,,,,,,,,,,,,,,,,,,CCJ
TA_069,IT_048,,IIMURA Takahiko,飯村隆彦,Sakasama (Upside Down),さかさま,,,,,Iimura Takahiko,,BW,Silent,00:12:00,Film,8mm,,,Duplicate Print / デュープ　,Positive / ポジ,,,,,,,,,,,,,,,,,,,,,,,,,,,,,CCJ
TA_069,IT_049,,IIMURA Takahiko,飯村隆彦,Sakasama (Upside Down),さかさま,,,,,Iimura Takahiko,1963,BW,Silent,00:13:00,Film,16mm,,,Master / マスター,Positive / ポジ,,16fps,,,,,,,,,,,,,,,,,,,,,,,,,,,CCJ
TA_069,IT_050,,IIMURA Takahiko,飯村隆彦,Sakasama (Upside Down),さかさま,,,,,Iimura Takahiko,1966,BW,Silent,00:13:00,Film,16mm,,,Duplicate Print / デュープ　,Positive / ポジ,,16fps,,,,,,,,,,,,,,,,,,,,,,,,,,,CCJ
TA_069,IT_100,,IIMURA Takahiko,飯村隆彦,Sakasama (Upside Down),さかさま,,,,,Iimura Takahiko,1963,BW,Silent,00:13:00,Film,16mm,,,Dupe Neg / デュープ・ネガ　,Internegative / インターネガ,,,,,,,,,,,,,,,,,,,,,,,"Metal / メタル缶; side:Sakasama (1963),Inter Nega; print 1994
TOP: TAKA IIMUTA, ""SAKASAMA"" 1963, B/W, Silent.16FPS,Inter Nega",,,,,,CCJ
TA_069,IT_100.1,,IIMURA Takahiko,飯村隆彦,Sakasama (Upside Down),さかさま,,,,,Iimura Takahiko,,BW,Silent,00:12:00,Film,16mm,,,Master / マスター,Internegative / インターネガ,,,,,,,,,,,,,,,,,,,,,,,,,,,,,CCJ
TA_069,IT_258,,IIMURA Takahiko,飯村隆彦,Sakasama (Upside Down),さかさま,,,,,Iimura Takahiko,,BW,Silent,00:13:00,Film,16mm,,,Duplicate Negative / デュープ・ネガ　,Internegative / インターネガ,,16fps,,,,,,,,,,,,,,,,,,,,,"Metal / メタル缶; side:Sakasama (1963),Inter Nega
TOP: TAKA IIMUTA, ""SAKASAMA"" 1963, B/W, Silent.16FPS,Inter Nega
",,,,"print 1994; 20190325 LD: Component ID was IT_100 but that was a duplicate, so I changed it to a unique ID, IT_258",,CCJ
TA_070,IT_130,35,IIMURA Takahiko,飯村隆彦,Scared to Death,スケアド・トゥ・デス,,,,,Iimura Takahiko,1989,,,00:17:00,Video,U-matic S,,,Master / マスター,,,,,,,,,,,,,,,,,,,,,,,,,,Patches of mold,,,,CCJ
TA_071,IT_109,"8, 5",IIMURA Takahiko,飯村隆彦,Self Identity,セルフ・アイデンティティ,,,,,Iimura Takahiko,1978,,,00:39:00,Video,U-matic,,,Master / マスター,,,,,,,,,,,,,,,,,,,,,,,,,,,,"Per Iimura, a version of Self Identities with 5 parts. Later, parts 4 & 5 were made into separate pieces. Creation date is from catalog. Both labeled Master although there are 2 copies; see #9. Run time from catalog.",,
TA_071,IT_110,"9, 8-5",IIMURA Takahiko,飯村隆彦,Self Identity,セルフ・アイデンティティ,,,,,Iimura Takahiko,,,,00:37:00,Video,U-matic,,,Master / マスター,,,,,,,,,,,,,,,,,,,,,,,,,,,,"Per Iimura, a version of Self Identities with 5 parts. Later, parts 4 & 5 were made into separate pieces. Creation date is from catalog. Both labeled Master although there are 2 copies; see #8.",,CCJ
TA_072,IT_154,60,IIMURA Takahiko,飯村隆彦,Self Identity Series,セルフ・アイデンティティ・シリーズ,,,,,Iimura Takahiko,1975,,,00:29:30,Video,U-matic,,,Master / マスター,,,,,,,,,,,,,,,,,,,,,,,,,,,,,,CCJ
TA_073,IT_245,,IIMURA Takahiko,飯村隆彦,Shelter 9999,シェルター9999,,,,,Iimura Takahiko,,BW,Silent,00:35:00,Film,16mm,,,Master / マスター,Positive / ポジ,,24fps,,,,,,,,,,,,,,,,,,,,,Cardboard / ボール紙,,,,ケースにベルト付き / 別撮り New York Scene カラースライド31枚を含む,,
TA_074,IT_156,,IIMURA Takahiko,飯村隆彦,Shifting,シフティング,,,,,Iimura Takahiko,1976,,,00:22:00,Video,U-matic,,,Master / マスター,,,,,,,,,,,,,,,,,,,,,,,,,,,,,,CCJ
TA_075,IT_196,,IIMURA Takahiko,飯村隆彦,SHUTTER,シャッター,,,Sound by Sato Keijiro,,Iimura Takahiko,,,,,Film,16mm,,,Master / マスター,Positive / ポジ,,,,,,,,,,,,,,,,,,,,,,,Pix #1,,,,Picture print,,CCJ
TA_075,IT_197,,IIMURA Takahiko,飯村隆彦,SHUTTER,シャッター,,,,,Iimura Takahiko,,,,,Sound,16mm,,,Master / マスター,Positive / ポジ,,,,,,,,,,,,,,,,,,,,,,,For Pix (sound 1),,,,,,CCJ
TA_075,IT_198,,IIMURA Takahiko,飯村隆彦,SHUTTER,シャッター,,,,,Iimura Takahiko,,,,,Sound,16mm,,,Master / マスター,Positive / ポジ,,,,,,,,,,,,,,,,,,,,,,,For pix (Sound 2),,,,,,CCJ
TA_076,IT_134,36,IIMURA Takahiko,飯村隆彦,Sky and Ground,スカイ・アンド・グラウンド,,,,,Iimura Takahiko,1991–93,,,,Video,U-matic,,,Master / マスター,,,,,,,,,,,,,,,,,,,,,,,,,,,,Annotations indicate this is version #3 with poem of two-channel video; see #37.,,CCJ
TA_076,IT_135,37,IIMURA Takahiko,飯村隆彦,Sky and Ground,スカイ・アンド・グラウンド,,,,,Iimura Takahiko,1991–93,,,,Video,U-matic,,,Master / マスター,,,,,,,,,,,,,,,,,,,,,,,,,,,,Annotations indicate this is channel 2 of two-channel video; see #36,,CCJ
TA_076,IT_230,,IIMURA Takahiko,飯村隆彦,Sky and Ground,スカイ・アンド・グラウンド,,,,,Iimura Takahiko,,Color,Sound,00:17:00,Film,16mm,,,Master / マスター,Positive / ポジ,,24fps,,,,,,,,,,,,,,,,,,,,,Plastic / プラスチック; Transfer from video <master>,,,,,,
TA_076,IT_231,,IIMURA Takahiko,飯村隆彦,Sky and Ground,スカイ・アンド・グラウンド,,,,,Iimura Takahiko,,Color,Sound,00:17:00,Film,16mm,,,,Positive / ポジ,,24fps,,,,,,,,,,,,,,,,,,,,,Plastic / プラスチック; Transfer from Video Print やや赤め,,,,,,
TA_077,IT_233,,IIMURA Takahiko,飯村隆彦,Summer Happenings U.S.A,サマー・ハプニング U.S.A,,,,,Iimura Takahiko,,BW,Sound,00:27:00,Film,16mm,,,Master / マスター,Positive / ポジ,,24fps,,,,,,,,,,,,,,,,,,,,,Plastic / プラスチック,,,,,,
TA_077,IT_234,,IIMURA Takahiko,飯村隆彦,Summer Happenings U.S.A,サマー・ハプニング U.S.A,,,,,Iimura Takahiko,,BW,Sound,00:27:00,Film,16mm,,,,Positive / ポジ,,24fps,,,,,,,,,,,,,,,,,,,,,Metal / メタル缶,,,,,,
TA_078,IT_095,,IIMURA Takahiko,飯村隆彦,SYNC SOUND,シンク・サウンド,Sound by Takahiko Iimura,,,,Iimura Takahiko,1975,BW,Sound,00:08:00,Film,16mm,,,,Positive / ポジ,,24fps,,,,,,,,,,,,,,,,,,,,,"Plastic / プラスチック; side:TAKA IIMURA,""SYNC SOUND""(1975)
TOP:TAKA IIMURA,SYNC SOUND (1975),B/W,8min.OPT.SND",シンクサウンド,,,,,CCJ
TA_078,IT_096,,IIMURA Takahiko,飯村隆彦,SYNC SOUND,シンク・サウンド,Sound by Takahiko Iimura,,,,Iimura Takahiko,1975,BW,Sound,00:08:00,Film,16mm,,,,Positive / ポジ,,24fps,,,,,,,,,,,,,,,,,,,,,"Metal / メタル缶; side:SYNC SOUND 
TOP:SYNC SOUND,(1975.Reversed 1978),by Taka IIMURA,81/2min .B/W.opt.Sound",,,,,,CCJ
TA_078,IT_166,,IIMURA Takahiko,飯村隆彦,SYNC SOUND,シンク・サウンド,,,,,Iimura Takahiko,1975,BW,Sound,00:09:00,Film,16mm,,,Master / マスター,Positive / ポジ,,24fps,,,,,,,,,,,,,,,,,,,,,,,,,,,CCJ
TA_079,IT_044,,IIMURA Takahiko,飯村隆彦,Taka and Ako,タカとアコ,Blow-up from R. 8mm,,,,Iimura Takahiko,1966,BW,Silent,,Film,8mm,,,Duplicate Print / デュープ　,Positive / ポジ,,24fps,,,,,,,,,,,,,,,,,,,,,,"TAKA AND AKO タコとアコ,コピー",,,,,CCJ
TA_079,IT_045,,IIMURA Takahiko,飯村隆彦,Taka and Ako,タカとアコ,,,,,Iimura Takahiko,1966,BW,Silent,,Film,16mm,,,Other / 他,Positive / ポジ,,24fps,,,,,,,,,,,,,,,,,,,,,,,,,"""Work Print"" means Not Complete. ",,CCJ
TA_079,IT_046,,IIMURA Takahiko,飯村隆彦,Taka and Ako,タカとアコ,,,,,Iimura Takahiko,1966,BW,Silent,00:08:00,Film,16mm,,,Duplicate Print / デュープ　,Positive / ポジ,,16fps,,,,,,,,,,,,,,,,,,,,,Tail Up Double Performation,,,,,,CCJ
TA_079,IT_047,,IIMURA Takahiko,飯村隆彦,Taka and Ako,タカとアコ,,,,,Iimura Takahiko,1966,BW,Silent,,Film,16mm,,,Duplicate Negative / デュープ・ネガ　,Internegative / インターネガ,,16fps,,,,,,,,,,,,,,,,,,,,,,,,,,,CCJ
TA_080,IT_184,,IIMURA Takahiko,飯村隆彦,Talking in New York,トーキング・イン・ニューヨーク,Sound by Takahiko Iimura,,,,Iimura Takahiko,1980,Color,Sound,00:11:00,Film,16mm,,,Master / マスター,Positive / ポジ,,,,,,,,,,,,,,,,,,,,,,,"Iimura 777.2607; Talking with N.Y. Master Posi W. TRAK. Color, Shorterened, 11min, spliced, タイトルと最終シーンは１/2明るくプリント","Talking in NY. Transfer from with S8mm. Sound, color",,,,,CCJ
TA_080,IT_211,,IIMURA Takahiko,飯村隆彦,Talking in New York,トーキング・イン・ニューヨーク,,,,,Iimura Takahiko,,Color,Sound,00:25:00,Film,8mm,,,Master / マスター,Positive / ポジ,,18fps,,,,,,,,,,,,,,,,,,,,,Plastic / プラスチック; 上映マスター要注意,,,,,,
TA_080,IT_212,,IIMURA Takahiko,飯村隆彦,Talking in New York,トーキング・イン・ニューヨーク,,,,,Iimura Takahiko,,Color,Sound,00:11:00,Film,16mm,,,,Positive / ポジ,,24fps,,,,,,,,,,,,,,,,,,,,,Plastic / プラスチック,,,,,,
TA_080,IT_213,,IIMURA Takahiko,飯村隆彦,Talking in New York,トーキング・イン・ニューヨーク,,,,,Iimura Takahiko,,Color,Sound,00:11:00,Film,16mm,,,,Positive / ポジ,,24fps,,,,,,,,,,,,,,,,,,,,,Plastic / プラスチック,,,,,,
TA_081,IT_172,,IIMURA Takahiko,飯村隆彦,Talking Picture (The Structure of Film Viewing),トーキング・ビクチャー（フィルムを見ることの構造）,,,,,Iimura Takahiko,,,,,Film,16mm,,,,Negative / ネガ,,,,,,,,,,,,,,,,,,,,,,,"Talking Pictures, pix (positive) & snd (nega); pix with mag snd track; snd in nega. Time paper between 2 reels",,,,negative sound,,CCJ
TA_081,IT_173,,IIMURA Takahiko,飯村隆彦,Talking Picture (The Structure of Film Viewing),トーキング・ビクチャー（フィルムを見ることの構造）,,,,,Iimura Takahiko,,,,,Film,16mm,,,,Positive / ポジ,,,,,,,,,,,,,,,,,,,,,,,"Talking Pictures, pix (positive) & snd (nega); pix with mag snd track; snd in nega. Time paper between 2 reels",,,,Positive picture ,,CCJ
TA_082,IT_216,,IIMURA Takahiko,飯村隆彦,Talking Picture #1–4,トーキング・ビクチャー（フィルムを見ることの構造）＃1-4,,,,,Iimura Takahiko,,Color,Sound,00:17:00,Film,Super 8mm,,,Master / マスター,Positive / ポジ,,18fps,,,,,,,,,,,,,,,,,,,,,"Plastic / プラスチック; 1.BETWEEN THE FRAME 2.SEEING NOTHING 3. THE PRIVILEGE TO SEE 4.I AMA VIEWER, YOU ARE A VIEWER ",,,,,,
TA_082,IT_217,,IIMURA Takahiko,飯村隆彦,Talking Picture #1–4,トーキング・ビクチャー（フィルムを見ることの構造）＃1-4,,,,,Iimura Takahiko,,Color,Sound,00:16:00,,,,,,Positive / ポジ,,24fps,,,,,,,,,,,,,,,,,,,,,Plastic / プラスチック; 光学録音,,,,,,
TA_082,IT_218,,IIMURA Takahiko,飯村隆彦,Talking Picture #1–4,トーキング・ビクチャー（フィルムを見ることの構造）＃1-4,,,,,Iimura Takahiko,,Color,Sound,00:16:00,,,,,,Positive / ポジ,,24fps,,,,,,,,,,,,,,,,,,,,,Plastic / プラスチック; 日本語?,,,,,,
TA_083,IT_146,48,IIMURA Takahiko,飯村隆彦,Talking to Myself at PS 1,トーキング・トゥ・マイ・セルフ・アット・ピーエス1,,,,,Iimura Takahiko,1985,,,00:11:00,Video,U-matic S,,,Master / マスター,,,,,,,,,,,,,,,,,,,,,,,,,,,,Catlog calls this work Talking in New York at PS 1.,,CCJ
TA_084,IT_115,"14, 11-?",IIMURA Takahiko,飯村隆彦,Talking to Myself: Phenomenological Operation,私自身に話すこと,Parts 1–6,,,,Iimura Takahiko,1979-10-20,,,00:17:00,Video,U-matic,,,Master / マスター,,,,,,,,,,,,,,,,,,,,,,,,,,,,,,CCJ
TA_084,IT_116,15,IIMURA Takahiko,飯村隆彦,Talking to Myself: Phenomenological Operation,臨床学的作用,,,,,Iimura Takahiko,1984,,,00:09:00,Video,U-matic,,,Master / マスター,,,,,,,,,,,,,,,,,,,,,,,,,,,,Annotations indicate at PS with super-titles,,CCJ
TA_084,IT_139,76,IIMURA Takahiko,飯村隆彦,Talking to Myself: Phenomenological Operation,私自身に話すこと：臨床学的作用　テープA,Tape A for installation,,,,Iimura Takahiko,1979,,,,Video,U-matic,,,Master / マスター,,,,,,,,,,,,,,,,,,,,,,,,,,,,,,CCJ
TA_084,IT_140,77,IIMURA Takahiko,飯村隆彦,Talking to Myself: Phenomenological Operation,私自身に話すこと：臨床学的作用　テープB,Tape B for installation,,,,Iimura Takahiko,1979,,,,Video,U-matic,,,Master / マスター,,,,,,,,,,,,,,,,,,,,,,,,,,,,,,CCJ
TA_084,IT_252,75,IIMURA Takahiko,飯村隆彦,Talking to Myself: Phenomenological Operation,トーキング・トゥ・マイセルフ：フェノメノロジカル・オペレーション No.1-6,,,,,Iimura Takahiko,,,,00:17:00,Video,U-matic,,,Master / マスター,,,,,,,,,,,,,,,,,,,,,,,,,,,,Date is from tape label. ,,CCJ
TA_085,IT_064,,IIMURA Takahiko,飯村隆彦,The Camera Massage,カメラ・マッサージ,Sound by Takahiko Iimura,,,,Iimura Takahiko,1968,BW,Sound,00:06:00,Film,16mm,,,Duplicate Print / デュープ　,Positive / ポジ,,24fps,,,,,,,,,,,,,,,,,,,,,,,,,"At first, it was supposed to be a series, but not a series. ",,CCJ
TA_085,IT_065,,IIMURA Takahiko,飯村隆彦,The Camera Massage,カメラ・マッサージ,Sound by Takahiko Iimura,,,,Iimura Takahiko,,BW,Sound,00:06:00,Film,16mm,,,Duplicate Print / デュープ　,Positive / ポジ,,24fps,,,,,,,,,,,,,,,,,,,,,,,,,,,CCJ
TA_086,IT_072,,IIMURA Takahiko,飯村隆彦,The Fog,きり,Blow-up from R. 8mm,,,,Iimura Takahiko,1970,BW,Silent,00:03:00,Film,16mm,,,Duplicate Print / デュープ　,Positive / ポジ,,16fps,,,,,,,,,,,,,,,,,,,,,,,,,,,CCJ
TA_086,IT_171,,IIMURA Takahiko,飯村隆彦,The Fog,きり,,,,,Iimura Takahiko,,,Silent,,Film,16mm,,,Duplicate Negative / デュープ・ネガ　,Negative / ネガ,,,,,,,,,,,,,,,,,,,,,,,,,,,,,CCJ
TA_087,IT_164,,IIMURA Takahiko,飯村隆彦,The Pacific Ocean,パシフィック・オーシャン,,,,,Iimura Takahiko,1962,,Silent,,Film,16mm,,,Master / マスター,Negative / ネガ,,16fps,,,,,,,,,,,,,,,,,,,,,,,,,,,CCJ
TA_087,IT_165,,IIMURA Takahiko,飯村隆彦,The Pacific Ocean,パシフィック・オーシャン,NG with streaks. Print made with Yale Lab,,,,Iimura Takahiko,,,,,Film,16mm,,,Duplicate Print / デュープ　,Positive / ポジ,,,,,,,,,,,,,,,,,,,,,,,,,,,,,CCJ
TA_088,IT_204,,IIMURA Takahiko,飯村隆彦,TIMED 1.2.3,"タイムド 1,2,3",,,,,Iimura Takahiko,,BW,Sound,00:10:00,Film,16mm,,,Master / マスター,Positive / ポジ,,24fps,,,,,,,,,,,,,,,,,,,,,Metal / メタル缶; W/TRK,,,,,,
TA_089,IT_202,,IIMURA Takahiko,飯村隆彦,TIME LENGTH 1.2.3,タイム・レングス,Sound by Takahiko Iimura,,,,Iimura Takahiko,,BW,Sound,00:11:00,Film,16mm,,,Master / マスター,Positive / ポジ,,24fps,,,,,,,,,,,,,,,,,,,,,Metal / メタル缶; Time Length No. 1-4 Printed in Berlin,,,,,,CCJ
TA_089,IT_203,,IIMURA Takahiko,飯村隆彦,TIME LENGTH 1.2.3,タイム・レングス,Sound by Takahiko Iimura,,,,Iimura Takahiko,,BW,Sound,00:09:00,Film,16mm,,,,Positive / ポジ,,24fps,,,,,,,,,,,,,,,,,,,,,"Metal / メタル缶; Time Length 1.2.3 16mm, b/w, sound, 312 ft. 9 min, posi",,,,"Part of Moels, Reels 1 & 2.",,CCJ
TA_090,IT_107,4,IIMURA Takahiko,飯村隆彦,Time Tunnel,タイム・トンネル,,,,,Iimura Takahiko,1971,,,,Video,U-matic,,,Submaster / サブマスター,,,,,,,,,,,,,,,,,,,,,,,,,,.,,"[Copy from 1/2"" open reel]",,CCJ
TA_091,IT_172,,IIMURA Takahiko,飯村隆彦,Timing,タイミング,,,,,Iimura Takahiko,,,,,Film,16mm,,,,Negative / ネガ,,,,,,,,,,,,,,,,,,,,,,,,,,,,,CCJ
TA_092,IT_199,,IIMURA Takahiko,飯村隆彦,TIMING 1.2.3,タイミング 1.2.3,Sound by Takahiko Iimura,,,,Iimura Takahiko,1972,,,,Film,16mm,,,Master / マスター,Negative / ネガ,,,,,,,,,,,,,,,,,,,,,,,"Metal / メタル缶; To,omg 1 2 3 b/w",,,,,,CCJ
TA_092,IT_200,,IIMURA Takahiko,飯村隆彦,TIMING 1.2.3,タイミング 1.2.3,,,,,Iimura Takahiko,,,,,Film,16mm,,,Master / マスター,Positive / ポジ,,,,,,,,,,,,,,,,,,,,,,,Metal / メタル缶,,,,,,CCJ
TA_092,IT_201,,IIMURA Takahiko,飯村隆彦,TIMING 1.2.3,タイミング 1.2.3,,,,,Iimura Takahiko,,BW,Sound,00:11:00,Film,16mm,,,Master / マスター,Positive / ポジ,,24fps,,,,,,,,,,,,,,,,,,,,,Metal / メタル缶,,,,,,
TA_093,IT_133,38,IIMURA Takahiko,飯村隆彦,To the Garden of Water Lilies,モネの睡蓮の庭の方へ,,,,,Iimura Takahiko,1990,,,00:30:15,Video,U-matic,,,Submaster / サブマスター,,,,,,,,,,,,,,,,,,,,,,,,,,,,Annotations indicate transfer from Betacam,,CCJ
TA_094,IT_085,,IIMURA Takahiko,飯村隆彦,Tooth for Tooth,歯には歯を,,,,,Iimura Takahiko,,,,,,,,,Master / マスター,,,,,,,,,,,,,,,,,,,,,,,,,,,,,,CCJ
TA_095,IT_158,62,IIMURA Takahiko,飯村隆彦,Video Field,ヴィデオ・フィールド No. 1 ＆ 2,,,,,Iimura Takahiko,1975,,,00:12:00,Video,U-matic S,,,Submaster / サブマスター,,,,,,,,,,,,,,,,,,,,,,,,,,,,"[Copy from 1/2"" open reel?.]",,CCJ
TA_096,IT_256,,IIMURA Takahiko,飯村隆彦,Video Gesture,ヴィデオ・ジェスチャー,,,,,Iimura Takahiko,,,,,,,,,,,,,,,,,,,,,,,,,,,,,,,,,,,,,,,
TA_097,IT_205,,IIMURA Takahiko,飯村隆彦,Virgin,ヴァージン,,,,,Iimura Takahiko,,BW,Silent,00:20:00,Film,16mm,,,Master / マスター,Positive / ポジ,,24fps,,,,,,,,,,,,,,,,,,,,,Cardboard / ボール紙,,,,,,
TA_097,IT_206,,IIMURA Takahiko,飯村隆彦,Virgin,ヴァージン,,,,,Iimura Takahiko,1996,BW,Silent,00:20:00,Film,16mm,,,,Positive / ポジ,,24fps,,,,,,,,,,,,,,,,,,,,,Plastic / プラスチック,,,,,,
TA_097,IT_207,,IIMURA Takahiko,飯村隆彦,Virgin,ヴァージン,,,,,Iimura Takahiko,,Color,Sound,00:20:00,Film,16mm,,,,Positive / ポジ,,24fps,,,,,,,,,,,,,,,,,,,,,Plastic / プラスチック; 上映禁止 旧版,,,,,,
TA_097,IT_208,,IIMURA Takahiko,飯村隆彦,Virgin,ヴァージン,,,,,Iimura Takahiko,,Color,Sound,00:20:00,Film,16mm,,,,Positive / ポジ,,24fps,,,,,,,,,,,,,,,,,,,,,Plastic / プラスチック,,,,,,
TA_098,IT_148,51,IIMURA Takahiko,飯村隆彦,Visual Logic (and Illogic),視覚的論理（と非論理）,,,,,Iimura Takahiko,1977,,,00:19:45,Video,U-matic,,,Submaster / サブマスター,,,,,,,,,,,,,,,,,,,,,,,,,,,,See additional copy on shelf with yellow sticker 6.,,CCJ
TA_098,IT_257,,IIMURA Takahiko,飯村隆彦,Visual Logic (and Illogic),ヴィジュアル・ロジック(アンド アイロジック),,,,,Iimura Takahiko,,,,,,,,,,,,,,,,,,,,,,,,,,,,,,,,,,,,,,,
TA_099,IT_051,,IIMURA Takahiko,飯村隆彦,White Calligraphy,ホワイト・カリグラフィー,,,,,Iimura Takahiko,1967,BW,Silent,00:11:00,Film,Super 8mm,,,Duplicate Print / デュープ　,,,24fps,,,,,,,,,,,,,,,,,,,,,,#1,,,,,CCJ
TA_099,IT_052,,IIMURA Takahiko,飯村隆彦,White Calligraphy,ホワイト・カリグラフィー,,,,,Iimura Takahiko,1967,,,,Film,Super 8mm,,,,,,,,,,,,,,,,,,,,,,,,,,,,#3,,,,,CCJ
TA_099,IT_053,,IIMURA Takahiko,飯村隆彦,White Calligraphy,ホワイト・カリグラフィー,,,,,Iimura Takahiko,1967,BW,Silent,00:11:00,Film,16mm,,,Master / マスター,Positive / ポジ,,24fps,,,,,,,,,,,,,,,,,,,,,,,,,,,CCJ
TA_099,IT_054,,IIMURA Takahiko,飯村隆彦,White Calligraphy,ホワイト・カリグラフィー,,,,,Iimura Takahiko,1967,BW,Silent,00:11:00,Film,16mm,,,Duplicate Print / デュープ　,Positive / ポジ,,24fps,,,,,,,,,,,,,,,,,,,,,,,,,,,CCJ
TA_099,IT_061,,IIMURA Takahiko,飯村隆彦,White Calligraphy,ホワイト・カリグラフィー,Print 1996,,,,Iimura Takahiko,1967,BW,Silent,00:12:00,Film,16mm,,,,Positive / ポジ,,24fps,,,,,,,,,,,,,,,,,,,,,Print 1996,,,,,,CCJ
TA_099,IT_092,,IIMURA Takahiko,飯村隆彦,White Calligraphy,ホワイト・カリグラフィー,,,,,Iimura Takahiko,,BW,Silent,00:08:00,Film,8mm,,,,,,16fps,,,,,,,,,,,,,,,,,,,,,"Plastic / プラスチック; side:WHITE CALLIGRAPHY, B.W Silent, 12min, TAKA IIMURA 
TOP:WHITE CALLIGRAPHY by Taka iimura B/W, Silent, 16mm ","NO1 ,White Clligraphy by Taka iimura",,,,,CCJ
TA_099,IT_093,,IIMURA Takahiko,飯村隆彦,White Calligraphy,ホワイト・カリグラフィー,Fuji Single 8,,,,Iimura Takahiko,1967,BW,Silent,00:11:00,Film,Single 8mm,,,,,,24fps,,,,,,,,,,,,,,,,,,,,,"Plastic / プラスチック; side:TAKAHIKO IIMURA WHITE CALLIGRAPHY 1967.silent.B/W
TOP:TAKAHIKO  IIMURA WHITE CALLIGRAPHY1967,B/W,Slent,11min,24FPS,Super 8mm",-,,,,,CCJ
TA_099,IT_183,,IIMURA Takahiko,飯村隆彦,White Calligraphy,ホワイト・カリグラフィー,,,,,Iimura Takahiko,,BW,,,Film,16mm,,,Camera Original / カメラ・オリジナル,Reversal Positive / リバーサル・ポジ,,,,,,,,,,,,,,,,,,,,,,,"White Calligraphy Original. B/W, 1967 (Partial Double perf), Print Reversal with Black TRK","White Calligraphy, Silent, Pix only",,,,,CCJ
TA_100,IT_161,,IIMURA Takahiko,飯村隆彦,Why Not Sneeze?,何故くしゃみをしない,,,,,Iimura Takahiko,1963,,Silent,,Film,8mm,,,Master / マスター,Positive / ポジ,,,,,,,,,,,,,,,,,,,,,,,,,,,,,CCJ
TA_101,IT_176,,IIMURA Takahiko,飯村隆彦,Yoko Ono: This Is Not Here,ヨーコ・オノ “ディス・イズ・ノット・ヒア”,Sound by Yoko Ono,,,,Iimura Takahiko,1972,Color,Silent,,Film,16mm,,,Master / マスター,Positive / ポジ,,24fps,,,,,,,,,,,,,,,,,,,,,,,,,"Master, 1982, This is Not Here, Pix only (Color). Snd=Tape.",,CCJ
TA_101,IT_229,,IIMURA Takahiko,飯村隆彦,Yoko Ono: This Is Not Here,ヨーコ・オノ “ディス・イズ・ノット・ヒア”,,,,,Iimura Takahiko,,Color,Sound,00:17:00,Film,16mm,,,Master / マスター,Positive / ポジ,,24fps,,,,,,,,,,,,,,,,,,,,,"Plastic / プラスチック; Magnetic Coated on the back of film  Document of Yoko Ono at exhibition in New York, 1972, with John Lennon Yoko",,,,,,
TA_102,IT_104,,IIMURA Takahiko,飯村隆彦,"[Compliation: A Chair, Blinking]",コンピレーション：チェアー、ブリンキング,,,,,Iimura Takahiko,1970,,,,Video,U-matic S,,,Submaster / サブマスター,,,,,,,,,,,,,,,,,,,,,,,,,,,,"[Copy from 1/2"" open reel.]",,
TA_102,IT_112,11,IIMURA Takahiko,飯村隆彦,"[Compliation: Double Portrait, I Love You]",ダブル・ポートレート/ アイ・ラブ・ユー,Titles are Double Portrait and I Love You,,,,Iimura Takahiko,1987,,,00:11:00,Video,U-matic S,,,Master / マスター,,,,,,,,,,,,,,,,,,,,,,,,,,,,Annotations indicate it is a 1987 version with sound effects.,,CCJ
TA_102,IT_113,12,IIMURA Takahiko,飯村隆彦,[Compliation: Self Introduction and Hit Your Own Back],コンピレーション：自己紹介とあなた自身の背中を撃て,Titles are Self Introduction and Hit Your Own Back,,,,Iimura Takahiko,,,,00:18:00,Video,U-matic,,,Master / マスター,,,,,,,,,,,,,,,,,,,,,,,,,,,,,,CCJ
TA_102,IT_114,"13, 9",IIMURA Takahiko,飯村隆彦,[Documentation:Register Yourself],ドキュメンテーション：レジスター,,,,,Iimura Takahiko,1978,,,00:27:00,Video,U-matic,,,Camera Original / カメラ・オリジナル,,,,,,,,,,,,,,,,,,,,,,,,,,,,,,CCJ
TA_102,IT_117,16 part one,IIMURA Takahiko,飯村隆彦,[Documentation: I=You=He / She],ドキュメンテーション：私＝あなた＝彼 / 彼女,"3:00 pm performance, Part 1.",,,,Iimura Takahiko,1979-06-09,,,,Video,U-matic S,,,Camera Original / カメラ・オリジナル,,,,,,,,,,,,,,,,,,,,,,,,,,,,,,CCJ
TA_102,IT_118,"16, part two",IIMURA Takahiko,飯村隆彦,[Documentation: I=You=He / She],ドキュメンテーション：私＝あなた＝彼 / 彼女,"5:00 pm performance, Part 2",,,,Iimura Takahiko,1979-06-09,,,00:17:00,Video,U-matic S,,,Camera Original / カメラ・オリジナル,,,,,,,,,,,,,,,,,,,,,,,,,,,,,,CCJ
TA_102,IT_121,23,IIMURA Takahiko,飯村隆彦,[Compilation],コンピレーション,New York Hotsprings is part of compilation.,,,,Iimura Takahiko,1984,,,00:10:00,Video,U-matic,,,Submaster / サブマスター,,,,,,,,,,,,,,,,,,,,,,,,,,,,Annotations indicates New York Hotsprings is an 'original'; also indicates Betcam to U-Matic transfer.,,CCJ
TA_102,IT_122,"24, 25",IIMURA Takahiko,飯村隆彦,"[Compilation: Moments at the Rock; Robina Rose and Me, English language version.]",コンピレーション：岩での瞬間＆ロビーナ・ローズと私　英語バージョン,"Titles: Moments at the Rock; Robina Rose and Me, English language version.",,,,Iimura Takahiko,1984,,,,Video,U-matic,,,Master / マスター,,,,,,,,,,,,,,,,,,,,,,,,,,,,Attached note indicates transfer to DVCAM.,,CCJ
TA_102,IT_126,"27, 37-1",IIMURA Takahiko,飯村隆彦,[Compilation: Concept Tapes 1 old version],コンピレーション：コンセプト　テープス1  旧版,Multiple titles,,,,Iimura Takahiko,1975–87,,,00:43:00,Video,U-matic,,,Master / マスター,,,,,,,,,,,,,,,,,,,,,,,,,,,,,,CCJ
TA_102,IT_127,"28, 46",IIMURA Takahiko,飯村隆彦,[Compilation: Concept Tapes 2 old version],コンピレーション：コンセプト　テープス2  旧版,Multiple titles,,,,Iimura Takahiko,1970–90,,,00:51:00,Video,U-matic,,,Master / マスター,,,,,,,,,,,,,,,,,,,,,,,,,,,,,,CCJ
TA_102,IT_128,"30, 48-3",IIMURA Takahiko,飯村隆彦,[Compilation: A Journey to Ayers Rock; Moments at the Rock; and Excerpts from Ayers Rock],エアーズロックへの旅；岩での瞬間 ＆ エアーズロックからの抜粋,A Journey to Ayers Rock; Moments at the Rock; Excerpts from Ayers Rock.,,,,Iimura Takahiko,1984,,,00:32:26,Video,U-matic,,,Master / マスター,,,,,,,,,,,,,,,,,,,,,,,,,,,,,,CCJ
TA_102,IT_131,"22, 26-4",IIMURA Takahiko,飯村隆彦,[Documentation: This is a Camera Which Shoots This],ドキュメンテーション：ディス・カメラ・ウィッチ・シュート・ディス,,,,,Iimura Takahiko,1983,,,,,,,,Master Film Transfer,,,,,,,,,,,,,,,,,,,,,,,,,,,,[Transfer from film.],,CCJ
TA_102,IT_137,44,IIMURA Takahiko,飯村隆彦,[Documenation: AIUEONN Six Features],ドキュメンテーション：あいうえおん六面相,,,,,Iimura Takahiko,1990,,,00:08:00,Video,U-matic S,,,Master / マスター,,,,,,,,,,,,,,,,,,,,,,,,,,,,Annotations indicate performed in Poland in 1990; label indicates 1994.,,CCJ
TA_102,IT_138,"78, 14-2",IIMURA Takahiko,飯村隆彦,[Compilation],コンピレーション,"Two works in a trilogy that includes Camera, Monitor, Frame; Observer/Observed; Observer/Observed/Observer",,,,Iimura Takahiko,1976,,,00:41:00,Video,U-matic,,,Master / マスター,,,,,,,,,,,,,,,,,,,,,,,,,,,,"Annotations indicate 'old version (not included Camera, Monitor, Frame.)",,CCJ
TA_102,IT_144,46,IIMURA Takahiko,飯村隆彦,[Documentation: As I See You You See Me],ドキュメンテーション：私があなたを見るように、あなたは私を見る,Performed at UCLA.,,,,Iimura Takahiko,1977,,,00:07:00,Video,U-matic S,,,Submaster / サブマスター,,,,,,,,,,,,,,,,,,,,,,,,,,,,,,CCJ