ID,Title (EN),Title (JP),Component ID,Component Name,Previous ID,Artist Name (EN),Artist Name (JP),Description (EN),Description (JP),Contributors (EN),Contributors (JP),Description (JP),Creation Date,Color,Sound,Run time (HH:MM:SS),Collection,Media Type,Media Format,Component Type,Relation,Film Process Type,Film Element Type,Film Wind,FPS,Audio Speed,Brand,Reel Size,Audio Reel Capacity,Video Stock Length,Video Standard,File Name,Codec,Codec ID,File Size (GB),Duration,Bit Rate,Dimensions,Display Aspect Ratio,Bit Depth,Scan Type,Encoded Date,Provenance,Viewing Restrictions,Terms of Governing Use,Color,Sound,FPS,Ft.,Reel/Core,Film Base,Brand,Housing Material,Housing Annotations,Item Annotations,Condition Notes (EN),Condition Notes (JP),Digitization Status (EN),Digitization Status (JP),"Rights Holder Primary (EN)
（Name, Address, Phone, Email)",JP Rights Holder Primary (JP),Rights Holder Notes (EN),Rights Holder Notes (JP),Genre,Cataloger & Date,Cataloger & Date Other,Notes,Date of Entry (MM-DD-YYYY),Cataloger
TI_001,Junk,くず,,,,TAKAHIKO Iimura,飯村隆彦,,,,,,1962,,,,,Film,16mm,,,,Positive / ポジ,,,,,,,,,,,,,,,,,,,,,,,BW,Silent,,284,Reel,Acetate・アセテート,,,"Plastic / プラスチック; Side: 飯村隆彦くず1962、BW、サイレント
上：飯村隆彦くず1962,　16ミリ（ブローアップ）、モノクロ、サイレント、16コマ","フィルム：＜Head>　飯村隆彦　くず、サイレント
リール：くず、サイレント、プリント、1962、（’94）",,,,,,,,,,,"AA, RI","Iimura states:  He verified there is no sound, the film. The feet information comes from Iimura's list",,CCJ
TI_002,Junk,くず,,,,TAKAHIKO Iimura,飯村隆彦,,,,,,1962,,,,,Film,16mm,,,,Positive / ポジ,,,,,,,,,,,,,,,,,,,,,,,,Optical,24fps,,Reel,Polyester・ポリエスター,,,"Plastic / プラスチック;  サイド：飯村隆彦、くず、1962、7分、サウンド
表：IIMURA proA-1、くず、(1962）JUNKS、飯村隆彦、８’、8分、サウンド、プリント1998、24fps、Sound","フィルム：JUNKS <HEAD> Taka Iimura　くず
リール：JUNKS,くず、1962年、飯村隆彦
裏：くず、JUNKS,24fps、Sound",,,,,,,,,,,"AA, RI",最初は音をつけたけど、音をつけた方がファイナル版,,CCJ
TI_003,Junk,くず,,,,TAKAHIKO Iimura,飯村隆彦,,,,,,1962,,,,,Film,16mm,,,,,,,,,,,,,,,,,,,,,,,,,,,,,,,,,,,"サイド：KUZU, (Junks）、1962
表：KUZU,（JUNKS),1962, 10Min,　B/W, sound,　By Takahiko Iimura (Blowup from 8mm、R.8mm), Music by Takahisa Kosugi、プリント2007","リール：Taka IIMURA,OPT,SND,",,,,,,,,,,,"AA, RI",プリントは2007年,,CCJ
TI_004,DADA 62,ダダ62,,,,TAKAHIKO Iimura,飯村隆彦,,,,,,1962,,,12 min,,Film,8mm,,,Camera Original / カメラ・オリジナル,Reversal Positive / リバーサル・ポジ,,,,,,,,,,,,,,,,,,,,,,,BW,Silent,16fps,,,,,,"Plastic / プラスチック; サイド：DADA62
上：TAKAHIKOIIMURA、DADA62,（Original)R.8ミリ、B/W,Silent,１６FPS,10Min,上映","リール：DADA62,IIMURA,Original",,,,,,,,,,,"AA, RI",Regular 8mm; 撮影オリジナル、８Mmで上映することはない、16ミリが配給,,CCJ
TI_005,DADA 62,ダダ62,,,,TAKAHIKO Iimura,飯村隆彦,,,,,,1962,,,12 min,,Film,Super8,,,Duplicate Print / デュープ　,Positive / ポジ,,,,,,,,,,,,,,,,,,,,,,,BW,Silent,16fps,,,,,,"Metal / メタル缶; サイド：DADA62,表Taka Iimura, DADA62,(S.8mm), 1962,10min,slient, BW, Regular8->Super8mm transfer (2001)",DADA 62,,,,,,,,,,,"AA, RI", 2001 transferred from Regual8mm to Super 8mm.Made it to screen it on Super8.,,CCJ
TI_006,DADA 62,ダダ62,,,,TAKAHIKO Iimura,飯村隆彦,,,,,,1962,,,12 min,,Film,Super8,,,Duplicate Print / デュープ　,,,,,,,,,,,,,,,,,,,,,,,,BW,Silent,16fps,,,,,,"Plastic / プラスチック; DADA62 (1962), Silent, 12min, For MoMA Jan. 10, 2013, Milwaukee Performance September 24",,,,,,,,,,,,"AA, RI",2013 print. ,,CCJ
TI_007,DADA 62,ダダ62,,,,TAKAHIKO Iimura,飯村隆彦,,,,,,1962,,,12 min,,Film,16mm,,,Duplicate Print / デュープ　,Positive / ポジ,,,,,,,,,,,,,,,,,,,,,,,BW,Silent,24fps,,,,,,"Plastic / プラスチック; Side: DADA62 (1962)
Top: DADA62, Taka Iimura ""DADA 62""-A Document of Yomiuri Independent,1962, Tokyo-
1962, min/B/W, silent, 24fps, 10 min, ; All rights reserved © 1962, Taka Iimura","Taka Iimura DADA'62, Silent, 24fps",,,,,,,,,,,"AA, RI",16mmcopy,,CCJ
TI_008,DADA 62,ダダ62,,,,TAKAHIKO Iimura,飯村隆彦,Blown-up from R. 8mm,,,,,1962,,,10 min,,Film,16mm,,,Master / マスター,Positive / ポジ,,,,,,,,,,,,,,,,,,,,,,,BW,Silent,24fps,,,,,,"TAKA Iimura, DADA 62; Taka Iimura DADA62, 1962, B/W, Silent, 24fps サイレント","Taka Iimura 飯村隆彦DADA62,サイレント、２４fps",,,,,,,,,,,"AA, RI",16mm original,,CCJ
TI_009,Ai (LOVE),あい,,,,TAKAHIKO Iimura,飯村隆彦,Blown-up from R. 8mm,,Sound by Yoko Ono,,,1962,,,?,,Film,16mm,,,Duplicate Print / デュープ　,Positive / ポジ,,,,,,,,,,,,,,,,,,,,,,,BW,Silent,16fps,,,,,,"Plastic / プラスチック; 飯村隆彦、AI (LOVE), Silent, 16fps, 1962","AI (LOVE), 16fps, Original, #1","Mold, vineger smell",,,,,,,,,,"AA, RI",The 8mm original is missing.,,CCJ
TI_010,Ai (LOVE),あい,,,,TAKAHIKO Iimura,飯村隆彦,Blown-up from R. 8mm,,Sound by Yoko Ono,,,1962,,,10 min,,Film,16mm,,,Master / マスター,Positive / ポジ,,,,,,,,,,,,,,,,,,,,,,,BW,Sound,24fps,,,,,,"Plastic / プラスチック; Side: TAKAHIKO IIMURA, AI (LOVE), 1962
Top: Best print, Iimura Takahiko , Ai (LOVE), 10min 1962, 音楽オノ・ヨーコ、光学録音、１０分、２４fps、Sound","Top: AI (LOVE), Optical Snd, by Takahiko IIMURA, 24fps, Sound",,,,,,,,,,,"AA, RI",This is the Master. There is 10 min and 15min versions. ,,CCJ
TI_011,Ai (LOVE),あい,,,,TAKAHIKO Iimura,飯村隆彦,Blown-up from R. 8mm,,Sound by Yoko Ono,,,1962,,,12 min,,Film,16mm,,,Duplicate Print / デュープ　,Positive / ポジ,,,,,,,,,,,,,,,,,,,,,,,BW,Sound,24fps,,,,,,"Metal / メタル缶; AI (Love), 1962, BW, 12min, 24fps, 
Top: Ai (LOVE), 1962, BW, 12 min, 24fps, Music by Yoko Ono, print 1993",AI (LOVE),,,,,,,,,,,"AA, RI",1993 print,,CCJ
TI_012,Ai (LOVE),あい,,,,TAKAHIKO Iimura,飯村隆彦,Blown-up from R. 8mm,,Sound by Yoko Ono,,,1962,,,10 min,,Film,16mm,,,Duplicate Print / デュープ　,Positive / ポジ,,,,,,,,,,,,,,,,,,,,,,,BW,N/A,,,,,,,Metal / メタル缶,,Lots mold,,,,,,,,,,"AA, RI",,,CCJ
TI_013,Ai (LOVE),あい,,,,TAKAHIKO Iimura,飯村隆彦,Blown-up from R. 8mm,,Sound by Yoko Ono,,,1962,,,13 min,,Film,16mm,,,Duplicate Print / デュープ　,Positive / ポジ,,,,,,,,,,,,,,,,,,,,,,,BW,Silent,,,,,,,Metal / メタル缶,,,,,,,,,,,,"AA, RI",,,CCJ
TI_014,Ai (LOVE),あい,,,,TAKAHIKO Iimura,飯村隆彦,Blown-up from R. 8mm,,,,,1962,,,15 min,,Film,16mm,,,Duplicate Print / デュープ　,Positive / ポジ,,,,,,,,,,,,,,,,,,,,,,,BW,Sound,24fps,,,,,,Plastic / プラスチック,,,,,,,,,,,,"AA, RI",,,CCJ
TI_015,Ai (LOVE),あい,,,,TAKAHIKO Iimura,飯村隆彦,Blown-up from R. 8mm,,,,,1962,,,15 min,,Film,16mm,,,Duplicate Print / デュープ　,Positive / ポジ,,,,,,,,,,,,,,,,,,,,,,,BW,Sound,,,,,,,"Plastic / プラスチック; Limited Edition 4/5
Copyright 2005 Taka Iimura
With signature",,,,,,,,,,,,"AA, RI",,,CCJ
TI_016,Ai (LOVE),あい,,,,TAKAHIKO Iimura,飯村隆彦,,,,,,1962,,,15 min,,Film,16mm,,,Duplicate Print / デュープ　,Positive / ポジ,,,,,,,,,,,,,,,,,,,,,,,BW,Sound,,,,,,,"Plastic / プラスチック; Limited Edition 5/5
Copyright 2005 Taka Iimura
With signature",,,,,,,,,,,,"AA, RI",,,CCJ
TI_017,Ai (LOVE),あい,,,,TAKAHIKO Iimura,飯村隆彦,,,,,,1962,,,15 min,,Film,16mm,,,Duplicate Print / デュープ　,Positive / ポジ,,,,,,,,,,,,,,,,,,,,,,,BW,Sound,,,,,,,Plastic / プラスチック,,,,,,,,,,,,"AA, RI",,,CCJ
TI_018,DESADE,ド・サド,,,,TAKAHIKO Iimura,飯村隆彦,,,,,,1962,,,9 min,,Film,16mm,,,Master / マスター,Positive / ポジ,,,,,,,,,,,,,,,,,,,,,,,BW,Sound,24fps,,,,,,Metal / メタル缶,,,,,,,,,,,,"AA, RI",,,CCJ
TI_019,DESADE,ド・サド,,,,TAKAHIKO Iimura,飯村隆彦,,,,,,1962,,,9 min,,Film,16mm,,,Duplicate Print / デュープ　,Positive / ポジ,,,,,,,,,,,,,,,,,,,,,,,BW,Sound,24fps,,,,,,Metal / メタル缶; １９９５年プリント,,,,,,,,,,,,"AA, RI",,,CCJ
TI_020,DESADE (old version),ド・サド(旧版),,,,TAKAHIKO Iimura,飯村隆彦,,,,,,1962,,,9 min,,Film,16mm,,,Duplicate Print / デュープ　,Positive / ポジ,,,,,,,,,,,,,,,,,,,,,,,BW,Sound,24fps,,,,,,Metal / メタル缶; １９９６年プリント,,,,,,,,,,,,"AA, RI",,,CCJ
TI_021,IRO (Colors),いろ,,,,TAKAHIKO Iimura,飯村隆彦,,,,,,1962,,,14 min,,Film,8mm,,,Camera Original / カメラ・オリジナル,Reversal Positive / リバーサル・ポジ,,,,,,,,,,,,,,,,,,,,,,,Color,Silent,16fps,,,,,,,,,,,,,,,,,,"AA, RI",,,CCJ
TI_022,IRO (Colors),いろ,,,,TAKAHIKO Iimura,飯村隆彦,Blown-up from R. 8mm,,Sound by Tone Yasunao,音：刀根康尚,,1962,,,11 min,,Film,16mm,,,Duplicate Print / デュープ　,Positive / ポジ,,,,,,,,,,,,,,,,,,,,,,,Color,Sound,24fps,,,,,,,,,,,,,,,,,,"AA, RI",,,CCJ
TI_023,IRO (Colors),いろ,,,,TAKAHIKO Iimura,飯村隆彦,Blown-up from R. 8mm,,Sound by Tone Yasunao,音：刀根康尚,,1962,,,11 min,,Film,16mm,,,Duplicate Print / デュープ　,Positive / ポジ,,,,,,,,,,,,,,,,,,,,,,,Color,Sound,24fps,,,,,,,,,,,,,,,,,,"AA, RI",Master 16mm is missing,,CCJ
TI_024,ONAN,オナン,,,,TAKAHIKO Iimura,飯村隆彦,,,Music by Tone Yasunao,音：刀根康尚,,1964,,,8 min,,Film,16mm,,,Duplicate Print / デュープ　,Positive / ポジ,,,,,,,,,,,,,,,,,,,,,,,BW,Sound,24fps,,,,,,Plastic / プラスチック,,,,,,,,,,,,"AA, RI",,,CCJ
TI_025,ONAN,オナン,,,,TAKAHIKO Iimura,飯村隆彦,,,Music by Tone Yasunao,音：刀根康尚,,1964,,,8 min,,Film,16mm,,,Duplicate Print / デュープ　,Positive / ポジ,,,,,,,,,,,,,,,,,,,,,,,BW,Sound,24fps,,,,,,Plastic / プラスチック; 1991 print,,,,,,,,,,,,"AA, RI",,,CCJ
TI_028,Anma (The Masseurs),あんま,,,,TAKAHIKO Iimura,飯村隆彦,,,,,,1963,,,,,Film,16mm,,,Master / マスター,Positive / ポジ,,,,,,,,,,,,,,,,,,,,,,,BW,Silent,16fps,,,,,,Metal / メタル缶; Master positive,,Mold,,,,,,,,,,"AA, RI",,,CCJ
TI_029,Anma (The Masseurs),あんま,,,,TAKAHIKO Iimura,飯村隆彦,Blown-up from R. 8mm,,,,,1963,,,,,Film,16mm,,,Duplicate Print / デュープ　,Positive / ポジ,,,,,,,,,,,,,,,,,,,,,,,BW,Silent,16fps,,,,,,Metal / メタル缶,,,,,,,,,,,,"AA, RI",,,CCJ
TI_030,Anma (The Masseurs),あんま,,,,TAKAHIKO Iimura,飯村隆彦,Blown-up from R. 8mm,,,,,1963,,,12 min,,Film,16mm,,,Duplicate Print / デュープ　,Positive / ポジ,,,,,,,,,,,,,,,,,,,,,,,BW,Silent,16fps,,,,,,"Plastic / プラスチック; ""A Butoh by Tatsumi Hijikata and Kazuo Ono"" Print. Intertitles in English. 16mm blowup",,,,,,,,,,,,"AA, RI",,,CCJ
TI_031,Anma (The Masseurs),あんま,,,,TAKAHIKO Iimura,飯村隆彦,Blown-up from R. 8mm,,,,,1963,,,13 min,,Film,16mm,,,Duplicate Print / デュープ　,Positive / ポジ,,,,,,,,,,,,,,,,,,,,,,,BW,Silent,16fps,,,,,,Plastic / プラスチック; In English. Taka Iimura. ,,,,,,,,,,,,"AA, RI",,,CCJ
TI_032,Anma (The Masseurs),あんま,,,,TAKAHIKO Iimura,飯村隆彦,,,,,改訂版,1963,,,17 min,,Film,8mm,,,Master / マスター,Positive / ポジ,,,,,,,,,,,,,,,,,,,,,,,BW,Silent,,,,,,,,,,,,,,,,,,,"AA, RI",The catalog indicates 15 min. ,,CCJ
TI_033,Rose Colored Dance,バラ色ダンス,,,,TAKAHIKO Iimura,飯村隆彦,,,,,,1964,,,13 min,,Film,16mm,,,Duplicate Print / デュープ　,Positive / ポジ,,,,,,,,,,,,,,,,,,,,,,,BW,Silent,16fps,,,,,,"Top: 13min
Side: 9 min",,,,,,,,,,,,"AA, RI",,,CCJ
TI_034,A Dance Party in the Kingdom of Lilliput [#2],リリパット王国舞踏会,,,,TAKAHIKO Iimura,飯村隆彦,To be projected side by side sound version on the right.,,Music by Kosugi Takehisa,音：小杉武久,,1964,,,,,Film,16mm,,,Duplicate Print / デュープ　,Positive / ポジ,,,,,,,,,,,,,,,,,,,,,,,BW,Silent,24fps,,,,,,"Plastic / プラスチック; Side: Taka Iimura, A Dance Party in the Kingdom of Liliput #2, 1962, silent, 24fps
Top: Taka Iimura, A Dance Party in the Kingdom of Liliput #2, Silent, 24fps, For W Projection, Left Side","Reel: A Dance Party in the Kingdom of Lilput #2 (1964), Taka Iimura, Silent, 24fps. ",,,,,,,,,,,"AA, RI","#2 was over-exposed and couldn't print. Printed in the U.S. Changed the order. Decided to edit, and made #2, which is supposed to be played next to #1. Length not indicated, Iimura thinks it should be the same length as the others . 034 & 037 are #2. Both are 24fps. 037 is 12 min. Probably not printed around the same. ",,CCJ
TI_035,A Dance Party in the Kingdom of Lilliput,リリパット王国舞踏会,,,,TAKAHIKO Iimura,飯村隆彦,,,Music by Kosugi Takehisa,音：小杉武久,,1964,,,12 min,,Film,16mm,,,Duplicate Print / デュープ　,Positive / ポジ,,,,,,,,,,,,,,,,,,,,,,,BW,Sound,24fps,,,,,,"Side: A Dance Party in the Garden of Liliput, 1964, Takahiko Iimura,  Snd, 12min",Dance Party,,,,,,,,,,,"AA, RI",,,CCJ
TI_036,A Dance Party in the Kingdom of Lilliput,リリパット王国舞踏会,,,,TAKAHIKO Iimura,飯村隆彦,,,,,,1964,,,13 min,,Film,16mm,,,Duplicate Print / デュープ　,Positive / ポジ,,,,,,,,,,,,,,,,,,,,,,,BW,,24fps,,,,,,"Side: 飯村隆彦リリパット王国舞踏会、１９６４、BW,１３分
上：飯村隆彦リリパット王国舞踏会、１３分、１９６４、モノクロ光学録音、、２４fps、２台同時映写（右）、サウンド",フィルム：リリパット（右）サウンド、２４fps、同時スタート点（穴あり）そろえる,,,,,,,,,,,"AA, RI",映写する人がフィルムのリーダーに穴があるからそれを２台とも揃えてください。,,CCJ
TI_037,A Dance Party in the Kingdom of Lilliput [#2],リリパット王国舞踏会 #2,,,,TAKAHIKO Iimura,飯村隆彦,To be projected side by side sound version on the right.,,,,,1964,,,12 min,,Film,16mm,,,Duplicate Print / デュープ　,Positive / ポジ,,,,,,,,,,,,,,,,,,,,,,,BW,Silent,24fps,,,,,,"Side:A Dance Party in the Kingdom of Liliput, For W projection only, #2
Top: For W Projection only, TAKA IIMURA, A DANCE PARTY in the Kingdom of Liliput (1964), Different order, (To be shown with number 1, double projection, side by side) 12 min, b/w, slient 24fps, ２台同時映写（左）",リリパット（左）２４fps、２台同自衛者（左）サイレント、No.2,,,,,,,,,,,"AA, RI",,,CCJ
TI_038,I Saw the Shadow,私は影を見た,,,,TAKAHIKO Iimura,飯村隆彦,Blowun up from R. 8mm,,,,,1966,,,12 min,,Film,8mm,,,Master / マスター,Positive / ポジ,,,,,,,,,,,,,,,,,,,,,,,BW,Silent,16fps,,,,,,Plastic / プラスチック,,,,,,,,,,,,"AA, RI",,,CCJ
TI_039,I Saw the Shadow,私は影を見た,,,,TAKAHIKO Iimura,飯村隆彦,Blowun up from R. 8mm,,,,,1966,,,12 min,,Film,8mm,,,Duplicate Print / デュープ　,Positive / ポジ,,,,,,,,,,,,,,,,,,,,,,,BW,Silent,16fps,,,,,,Plastic / プラスチック,,,,,,,,,,,,"AA, RI",,,CCJ
TI_040,I Saw The Shadow,私は影を見た,,,,TAKAHIKO Iimura,飯村隆彦,,,,,,1966,,,,,Film,8mm,,,Camera Original / カメラ・オリジナル,Reversal Positive / リバーサル・ポジ,,,,,,,,,,,,,,,,,,,,,,,BW,Silent,,,,,,,Plastic / プラスチック,,,,,,,,,,,,"AA, RI",,,CCJ
TI_041,I Saw the Shadow,私は影を見た,,,,TAKAHIKO Iimura,飯村隆彦,,,,,,1966,,,9 min,,Film,16mm,,,Duplicate Print / デュープ　,Positive / ポジ,,,,,,,,,,,,,,,,,,,,,,,BW,Silent,16fps,,,,,,"Plastic / プラスチック; 1996 Black /White, 16fps, 9min, Original, Double performation, ",,,,,,,,,,,,"AA, RI",,,CCJ
TI_042,I Saw the Shadow,私は影を見た,,,,TAKAHIKO Iimura,飯村隆彦,,,,,,1966,,,13 min,,Film,16mm,,,Duplicate Print / デュープ　,Positive / ポジ,,,,,,,,,,,,,,,,,,,,,,,BW,Silent,16fps,,,,,,Plastic / プラスチック,,mold,,,,,,,,,,"AA, RI",,,CCJ
TI_043,I Saw The Shadow,私は影を見た,,,,TAKAHIKO Iimura,飯村隆彦,,,,,,1966,,,12 min,,Film,16mm,,,Master / マスター,Positive / ポジ,,,,,,,,,,,,,,,,,,,,,,,BW,Silent,16fps,,,,,,Plastic / プラスチック; 1996 print,,Good,,,,,,,,,,"AA, RI",,,CCJ
TI_044,Taka and Ako,タカとアコ,,,,TAKAHIKO Iimura,飯村隆彦,Blown up from R. 8mm,,,,,1966,,,N/A,,Film,8mm,,,Duplicate Print / デュープ　,Positive / ポジ,,,,,,,,,,,,,,,,,,,,,,,BW,Silent,24fps,,,,,,,"TAKA AND AKO タコとアコ,コピー",,,,,,,,,,,"AA, RI",,,CCJ
TI_045,Taka and Ako,タカとアコ,,,,TAKAHIKO Iimura,飯村隆彦,,,,,,1966,,,N/A,,Film,16mm,,,Other / 他,Positive / ポジ,,,,,,,,,,,,,,,,,,,,,,,BW,Silent,24fps,,,,,,,,,,,,,,,,,,"AA, RI","""Work Print"" means Not Complete. ",,CCJ
TI_046,Taka and Ako,タカとアコ,,,,TAKAHIKO Iimura,飯村隆彦,,,,,,1966,,,8 min,,Film,16mm,,,Duplicate Print / デュープ　,Positive / ポジ,,,,,,,,,,,,,,,,,,,,,,,BW,Silent,16fps,,,,,,Tail Up Double Performation,,,,,,,,,,,,"AA, RI",,,CCJ
TI_047,Taka and Ako,タカとアコ,,,,TAKAHIKO Iimura,飯村隆彦,,,,,,1966,,,N/A,,Film,16mm,,,Dupe Neg / デュープ・ネガ　,Internegative / インターネガ,,,,,,,,,,,,,,,,,,,,,,,BW,Silent,16fps,,,,,,,,,,,,,,,,,,"AA, RI",,,CCJ
TI_048,Sakasama (Upside Down),さかさま,,,,TAKAHIKO Iimura,飯村隆彦,,,,,,1963,,,12 min,,Film,8mm,,,Duplicate Print / デュープ　,Positive / ポジ,,,,,,,,,,,,,,,,,,,,,,,BW,Silent,,,,,,,,,,,,,,,,,,,"AA, RI",,,CCJ
TI_049,Sakasama (Upside Down),さかさま,,,,TAKAHIKO Iimura,飯村隆彦,,,,,,1963,,,13 min,,Film,16mm,,,Master / マスター,Positive / ポジ,,,,,,,,,,,,,,,,,,,,,,,BW,Silent,16fps,,,,,,,,,,,,,,,,,,"AA, RI",,,CCJ
TI_050,Sakasama (Upside Down),さかさま,,,,TAKAHIKO Iimura,飯村隆彦,,,,,,1963,,,13 min,,Film,16mm,,,Duplicate Print / デュープ　,Positive / ポジ,,,,,,,,,,,,,,,,,,,,,,,BW,Silent,16fps,,,,,,,,,,,,,,,,,,"AA, RI",,,CCJ
TI_051,White Calligraphy,ホワイト・カリグラフィー,,,,TAKAHIKO Iimura,飯村隆彦,,,,,,1967,,,11 min,,Film,Super8,,,Duplicate Print / デュープ　,,,,,,,,,,,,,,,,,,,,,,,,BW,Silent,24fps,,,,,,,#1,,,,,,,,,,,"AA, RI",,,CCJ
TI_052,White Calligraphy,ホワイト・カリグラフィー,,,,TAKAHIKO Iimura,飯村隆彦,,,,,,1967,,,,,Film,Super8,,,,,,,,,,,,,,,,,,,,,,,,,,,,,,,,,,,,#3,,,,,,,,,,,"AA, RI",,,CCJ
TI_053,White Calligraphy,ホワイト・カリグラフィー,,,,TAKAHIKO Iimura,飯村隆彦,,,,,,1967,,,11 min,,Film,16mm,,,Master / マスター,Positive / ポジ,,,,,,,,,,,,,,,,,,,,,,,BW,Silent,24fps,,,,,,,,,,,,,,,,,,"AA, RI",,,CCJ
TI_054,White Calligraphy,ホワイト・カリグラフィー,,,,TAKAHIKO Iimura,飯村隆彦,,,,,,1967,,,11 min,,Film,16mm,,,Duplicate Print / デュープ　,Positive / ポジ,,,,,,,,,,,,,,,,,,,,,,,BW,Silent,24fps,,,,,,,,,,,,,,,,,,"AA, RI",,,CCJ
TI_055,New York Scene 2,ニューヨーク・シーン2,,,,TAKAHIKO Iimura,飯村隆彦,,,,,,1966,,,35 min,,Film,8mm,,,Camera Original / カメラ・オリジナル,Reversal Positive / リバーサル・ポジ,,,,,,,,,,,,,,,,,,,,,,,BW & Color,Silent,16fps,,,,,,,,,,,,,,,,,,"AA, RI",,,CCJ
TI_056,New York Scene 1,ニューヨーク・シーン1,,,,TAKAHIKO Iimura,飯村隆彦,,,,,,1966,,,35 min,,Film,8mm,,,Camera Original / カメラ・オリジナル,Reversal Positive / リバーサル・ポジ,,,,,,,,,,,,,,,,,,,,,,,BW,Silent,16fps,,,,,,,,,,,,,,,,,,"AA, RI",,,CCJ
TI_057,New York Scene 3,ニューヨーク・シーン3,,,,TAKAHIKO Iimura,飯村隆彦,,,,,,1966,,,,,Film,8mm,,,Camera Original / カメラ・オリジナル,Reversal Positive / リバーサル・ポジ,,,,,,,,,,,,,,,,,,,,,,,Color,Silent,16fps,,,,,,,,,,,,,,,,,,"AA, RI",,,CCJ
TI_058,New York Scene 4,ニューヨーク・シーン4,,,,TAKAHIKO Iimura,飯村隆彦,,,,,,1966,,,"40 min, approx",,Film,8mm,,,Camera Original / カメラ・オリジナル,Reversal Positive / リバーサル・ポジ,,,,,,,,,,,,,,,,,,,,,,,Color,Silent,16fps,,,,,,,,,,,,,,,,,,"AA, RI",,,CCJ
TI_059,New York Scene,ニューヨーク・シーン,,,,TAKAHIKO Iimura,飯村隆彦,,,,,,1966,,,,,Film,16mm,,,Master / マスター,Internegative / インターネガ,,,,,,,,,,,,,,,,,,,,,,,BW,,,,,,,,,,,,,,,,,,,,"AA, RI",Blow-up,,CCJ
TI_060,New York Scene,ニューヨーク・シーン,,,,TAKAHIKO Iimura,飯村隆彦,Blown up from R. 8mm,,,,,1966,,,24 min,,Film,16mm,,,Duplicate Print / デュープ　,Positive / ポジ,,,,,,,,,,,,,,,,,,,,,,,BW & Color,Silent,16fps,,,,,,,,Mold,,,,,,,,,,"AA, RI",,,CCJ
TI_061,White Calligraphy,ホワイト・カリグラフィー,,,,TAKAHIKO Iimura,飯村隆彦,Print 1996,,,,,1967,,,12 min,,Film,16mm,,,,Positive / ポジ,,,,,,,,,,,,,,,,,,,,,,,BW,Silent,24fps,,,,,,Print 1996,,,,,,,,,,,,"AA, RI",,,CCJ
TI_062,AMA ATA,アマタ,,,,TAKAHIKO Iimura,飯村隆彦,,,,,,1965,,,17 min,,Film,8mm,,,Camera Original / カメラ・オリジナル,Reversal Positive / リバーサル・ポジ,,,,,,,,,,,,,,,,,,,,,,,Color,Silent,18fps,,,,,,,,,,,,,,,,,,"AA, RI",,,CCJ
TI_063,Honey Moon,ハニー・ムーン,,,,TAKAHIKO Iimura,飯村隆彦,,,,,,1966,,,9 min,,Film,16mm,,,Master / マスター,Positive / ポジ,,,,,,,,,,,,,,,,,,,,,,,Color,Silent,16fps,,,,,,1966 Print,,,,,,,,,,,,"AA, RI",,,CCJ
TI_064,The Camera Massage,カメラ・マッサージ,,,,TAKAHIKO Iimura,飯村隆彦,Sound by Takahiko Iimura.,,,,,1968,,,6 min,,Film,16mm,,,Duplicate Print / デュープ　,Positive / ポジ,,,,,,,,,,,,,,,,,,,,,,,BW,Sound,24fps,,,,,,,,,,,,,,,,,,"AA, RI","At first, it was supposed to be a series, but not a series. ",,CCJ
TI_065,The Camera Massage,カメラ・マッサージ,,,,TAKAHIKO Iimura,飯村隆彦,Sound by Takahiko Iimura.,,,,,1968,,,6 min,,Film,16mm,,,Duplicate Print / デュープ　,Positive / ポジ,,,,,,,,,,,,,,,,,,,,,,,BW,Sound,24fps,,,,,,,,,,,,,,,,,,"AA, RI",,,CCJ
TI_066,Flowers,フラワーズ,,,,TAKAHIKO Iimura,飯村隆彦,Sound by Takahiko Iimura,,,,,1968-69,,,11 min,,Film,16mm,,,,Positive / ポジ,,,,,,,,,,,,,,,,,,,,,,,Color,Sound,24fps,,,,,,Print 1997,,,,,,,,,,,,"AA, RI",,,CCJ
TI_067,Flowers,フラワーズ,,,,TAKAHIKO Iimura,飯村隆彦,Sound by Takahiko Iimura,,,,,1968-69,,,,,Film,16mm,,,,Positive / ポジ,,,,,,,,,,,,,,,,,,,,,,,Color,Sound,24fps,,,,,,,,,,,,,,,,,,"AA, RI",,,CCJ
TI_068,Flowers' Orgy,フラワーズ・オージー,,,,TAKAHIKO Iimura,飯村隆彦,Sound by Takahiko Iimura,,,,,1968-69,,,10 min,,Film,16mm,,,Duplicate Print / デュープ　,Positive / ポジ,,,,,,,,,,,,,,,,,,,,,,,Color,Sound,,,,,,,,,,,,,,,,,,,"AA, RI",,,CCJ
TI_069,Flower's Orgy,フラワーズ・オージー,,,,TAKAHIKO Iimura,飯村隆彦,Sound by Takahiko Iimura,,,,,1968-69,,,10 min,,Film,16mm,,,Duplicate Print / デュープ　,Positive / ポジ,,,,,,,,,,,,,,,,,,,,,,,Color,Sound,,,,,,,,,,,,,,,,,,,"AA, RI",,,CCJ
TI_070,Flower's Orgy,フラワーズ・オージー,,,,TAKAHIKO Iimura,飯村隆彦,Sound by Takahiko Iimura,,,,,1968-69,,,10 min,,Film,16mm,,,Duplicate Print / デュープ　,Positive / ポジ,,,,,,,,,,,,,,,,,,,,,,,Color,Sound,,,,,,,,,,,,,,,,,,,"AA, RI",,,CCJ
TI_071,Face,フェイス,,,,TAKAHIKO Iimura,飯村隆彦,Sound: Akiko Iimura laughing.,,,,,1968-69,,,13 min,,Film,16mm,,,,Positive / ポジ,,,,,,,,,,,,,,,,,,,,,,,Color,Sound,,,,,,,,,,,,,,,,,,,"AA, RI",,,CCJ
TI_072,The Fog,きり,,,,TAKAHIKO Iimura,飯村隆彦,Blown Up from R. 8mm,,,,,1970,,,3 min,,Film,16mm,,,Duplicate Print / デュープ　,Positive / ポジ,,,,,,,,,,,,,,,,,,,,,,,BW,Silent,16fps,,,,,,,,,,,,,,,,,,"AA, RI",,,CCJ
TI_073,Flowers' Orgy,フラワーズ・オージー,,,,TAKAHIKO Iimura,飯村隆彦,,,,,,1968-69,,,12 min,,Film,16mm,,,Duplicate Print / デュープ　,Positive / ポジ,,,,,,,,,,,,,,,,,,,,,,,Color,Sound,24,,,,,,"TAKA IIMURA FLOWERS' ORGY, 1968, 12 min, color, sound. Performance by Yayoi Kusama",,,,,,,,,,,,"AA, RI",,,CCJ
TI_074,I Love You,アイ・ラブ・ユー,,,,TAKAHIKO Iimura,飯村隆彦,,,,,,1970,,,8 min,,Film,16mm,,,,Positive / ポジ,,,,,,,,,,,,,,,,,,,,,,,Color,Sound,24fps,,,,,,,,,,,,,,,,,,"AA, RI",,,CCJ
TI_075,6 x 6 (Oukan Densentsu),王冠伝説 (6 x 6),,,,TAKAHIKO Iimura,飯村隆彦,Blown-up from R. 8mm,,,,,1962,,,19 min,,Film,16mm,,,Master / マスター,Positive / ポジ,,,,,,,,,,,,,,,,,,,,,,,BW,Silent,16fps,,,,,,Original,,,,,,,,,,,,"AA, RI",In the Late-1960s he blew-up the 8mm films to 16mm,,CCJ
TI_076,6 x 6 (Oukan Densentsu),王冠伝説 (6 x 6),,,,TAKAHIKO Iimura,飯村隆彦,Blown-up from R. 8mm,,,,,1962,,,19 min,,Film,16mm,,,Duplicate Print / デュープ　,Positive / ポジ,,,,,,,,,,,,,,,,,,,,,,,BW,Silent,16fps,,,,,,,,,,,,,,,,,,"AA, RI",,,CCJ
TI_077,Film Strips II,フィルム・ストリップス Ⅱ,,,,TAKAHIKO Iimura,飯村隆彦,,,,,,1966-70,,,13 min,,Film,16mm,,,,Positive / ポジ,,,,,,,,,,,,,,,,,,,,,,,BW,Silent,,,,,,,,,,,,,,,,,,,"AA, RI",,,CCJ
TI_078,Film Strips I,フィルム・ストリップス Ⅰ,,,,TAKAHIKO Iimura,飯村隆彦,Sound by Takahiko Iimura,,,,,1966-70,,,14 min,,Film,16mm,,,,Positive / ポジ,,,,,,,,,,,,,,,,,,,,,,,BW,Sound,,,,,,,,,,,,,,,,,,,"AA, RI",,,CCJ
TI_079,Film Strips I,フィルム・ストリップス Ⅰ,,,,TAKAHIKO Iimura,飯村隆彦,,,,,,1966-70,,,12 min,,Film,16mm,,,,Positive / ポジ,,,,,,,,,,,,,,,,,,,,,,,BW,Silent,,,,,,,"IIMURA PRO. C-1. Film Strips I (1966-1970), Film Strips I (Silent, 24fps), Film Strips I (1966-70), Silent 24fps",,,,,,,,,,,,"AA, RI",,,CCJ
TI_080,Film Strips II,フィルム・ストリップス Ⅱ,,,,TAKAHIKO Iimura,飯村隆彦,,,,,,1966-70,,,13min,,Film,16mm,,,,Positive / ポジ,,,,,,,,,,,,,,,,,,,,,,,BW,Silent,,,,,,,,,,,,,,,,,,,"AA, RI",,,CCJ
TI_081,Film Strips II,フィルム・ストリップス Ⅱ,,,,TAKAHIKO Iimura,飯村隆彦,Sound by Takahiko Iimura,,,,,1966-70,,,17 min,,Film,16mm,,,,Positive / ポジ,,,,,,,,,,,,,,,,,,,,,,,BW,Sound,, ,,,,,,,,,,,,,,,,,"AA, RI",,,CCJ
TI_082,Cosmic Buddha,コスミック・ブッダ,,,,TAKAHIKO Iimura,飯村隆彦,"The same work as Budda Again, title changed",,,,,1969-70,,,16 min,,Film,16mm,,,,Positive / ポジ,,,,,,,,,,,,,,,,,,,,,,,BW,Sound,24fps,,,,,,,,,,,,,,,,,,"AA, RI",,,CCJ
TI_083,In the River,イン・ザ・リバー,,,,TAKAHIKO Iimura,飯村隆彦,Sound by Takahiko Iimura,,,,,1969-70,,,18 min,,Film,16mm,,,Duplicate Print / デュープ　,Positive / ポジ,,,,,,,,,,,,,,,,,,,,,,,Color,Sound,24fps,,,,,,,,,,,,,,,,,,"AA, RI",,,CCJ
TI_084,In the River,イン・ザ・リバー,,,,TAKAHIKO Iimura,飯村隆彦,Sound by Takahiko Iimura,,,,,1969-70,,,17 min,,Film,16mm,,,Duplicate Print / デュープ　,Positive / ポジ,,,,,,,,,,,,,,,,,,,,,,,Color,Sound,24fps,,,,,,"1969-70. Color, 17min, Music by   Taka Iimura. Print 1996",,,,,,,,,,,,"AA, RI",,,CCJ
TI_085,Tooth for Tooth,歯には歯を,,,,TAKAHIKO Iimura,飯村隆彦,,,,,,N/A,,,,,,N/A,,,Master / マスター,,,,,,,,,,,,,,,,,,,,,,,,,,,,,,,,,,,,,,,,,,,,"AA, RI",,,CCJ
TI_086,One Frame Duration,一コマの長さ,,,,TAKAHIKO Iimura,飯村隆彦,Sound by Takahiko Iimura,,,,,1977,,,11 min,,Film,16mm,,,Master / マスター,Positive / ポジ,,,,,,,,,,,,,,,,,,,,,,,BW & Color,Sound,24fps,,,,,,With track,,Vineger smell,,,,,,,,,,"AA, RI",There's sound,,CCJ
TI_087,One Frame Duration,一コマの長さ,,,,TAKAHIKO Iimura,飯村隆彦,Sound by Takahiko Iimura,,,,,1977,,,11 min,,Film,16mm,,,Duplicate Print / デュープ　,Positive / ポジ,,,,,,,,,,,,,,,,,,,,,,,BW,Sound,24fps,,,,,,"Metal / メタル缶; Side:ONE FRAME DURATION ,TIMED 1-3 
TOP: ONE FRAME DUTATION,SND,1977.11min,B/W,Sound","One Frame Duration, Set Volume Full,sSound,Louder,by Takahiko IIMURA",,,,,,,,,,,"AA, RI",,,CCJ
TI_088,24 Frames Per Second (First Version),１秒24コマ,,,,TAKAHIKO Iimura,飯村隆彦,,,,,,1975-78,,,24 min,,,N/A,,,,,,,,,,,,,,,,,,,,,,,,,,,BW,Sound,,,,,,,"Plastic / プラスチック; side:'24 Frame Per Second 1975 Top:TAKA IIMURA ""24 FRAMES PER SECOND"" 1st Version 1975, B/W, 24min SOUND(OPT)",24 FRAMES PER SECOND ,,,,,,,,,,,"AA, RI",,,CCJ
TI_089,Cosmic Buddha,コスミック・ブッダ,,,,TAKAHIKO Iimura,飯村隆彦,,,,,,1969-70,,,,,Film,16mm,,,,Positive / ポジ,,,,,,,,,,,,,,,,,,,,,,,,,,,,,,,,,,,,,,,,,,,"AA, RI",,,CCJ
TI_090,24 Frames Per Second,１秒24コマ,,,,TAKAHIKO Iimura,飯村隆彦,,,,,,1975-78,,,12 min,,,N/A,,,,,,,,,,,,,,,,,,,,,,,,,,,BW,Sound,,,,,,,"Plastic / プラスチック; side:飯村隆彦24FRAMES PER SECOND 上：飯村隆彦「1秒間24コマ」12分　オプティカル,サウンド，1975-78,B/W,12分,サウンド,ボリューム大きく！",TAKA IIMURA 24 FRAMES PER SECOND LOUDER!,,,,,,,,,,,"AA, RI",,,CCJ
TI_091,24 Frames Per Second,１秒24コマ,,,,TAKAHIKO Iimura,飯村隆彦,Sound by Takahiko Iimura,,,,,1975-78,,,10 min,,Film,16mm,,,,Positive / ポジ,,,,,,,,,,,,,,,,,,,,,,,BW,Sound,24fps,,,,,,"Plastic / プラスチック; side: TAKA IIMURA ""24 FRAMES PER SECOND"" Top:24FRAMERS PER SECOND Louder SND",24 FRAMES PER SECOND,,,,,,,,,,,"AA, RI",,,CCJ
TI_092,White Calligraphy,ホワイト・カリグラフィー,,,,TAKAHIKO Iimura,飯村隆彦,,,,,,1967,,,8 min,,Film,8mm,,,,,,,,,,,,,,,,,,,,,,,,,,,BW,Silent,16fps,,,,,,"Plastic / プラスチック; side:WHITE CALLIGRAPHY, B.W Silent, 12min, TAKA IIMURA 
TOP:WHITE CALLIGRAPHY by Taka iimura B/W, Silent, 16mm ","NO1 ,White Clligraphy by Taka iimura",,,,,,,,,,,"AA, RI",,,CCJ
TI_093,White Calligraphy,ホワイト・カリグラフィー,,,,TAKAHIKO Iimura,飯村隆彦,Fuji Single 8,,,,,1967,,,11min,,Film,Single8,,,,,,,,,,,,,,,,,,,,,,,,,,,BW,Silent,24fps,,,,,,"Plastic / プラスチック; side:TAKAHIKO IIMURA WHITE CALLIGRAPHY 1967.silent.B/W
TOP:TAKAHIKO  IIMURA WHITE CALLIGRAPHY1967,B/W,Slent,11min,24FPS,Super 8mm",-,,,,,,,,,,,"AA, RI",,,CCJ
TI_094,2 MIN 46 SEC 16 FRAMES,２分46秒16コマ,,,,TAKAHIKO Iimura,飯村隆彦,Sound by Takahiko Iimura,,,,,1972-74,,,10 min,,Film,16mm,,,,Positive / ポジ,,,,,,,,,,,,,,,,,,,,,,,BW,Sound,24fps,,,,,,"Metal / メタル缶; side: 2min.46sec.16Feames
TOP:#65237 9/4/`3,Taka Iimura,""2 MIN 46 SEC 16 FRAMES"",16mm,B/W,Double,perf Ptint TEST ACETATE,Sound uaw Sprodat holes ",,,,,,,,,,,,"AA, RI",,,CCJ
TI_095,SYNC SOUND,シンク・サウンド,,,,TAKAHIKO Iimura,飯村隆彦,Sound by Takahiko Iimura,,,,,1975,,,8 min,,Film,16mm,,,,Positive / ポジ,,,,,,,,,,,,,,,,,,,,,,,BW,Sound,24fps,,,,,,"Plastic / プラスチック; side:TAKA IIMURA,""SYNC SOUND""(1975)
TOP:TAKA IIMURA,SYNC SOUND (1975),B/W,8min.OPT.SND",シンクサウンド,,,,,,,,,,,"AA, RI",,,CCJ
TI_096,SYNC SOUND,シンク・サウンド,,,,TAKAHIKO Iimura,飯村隆彦,Sound by Takahiko Iimura,,,,,1975,,,8 min,,Film,16mm,,,,Positive / ポジ,,,,,,,,,,,,,,,,,,,,,,,BW,Sound,24fps,,,,,,"Metal / メタル缶; side:SYNC SOUND 
TOP:SYNC SOUND,(1975.Reversed 1978),by Taka IIMURA,81/2min .B/W.opt.Sound",,,,,,,,,,,,"AA, RI",,,CCJ
TI_097,Blinking,まばたき,,,,TAKAHIKO Iimura,飯村隆彦,,,,,,1970,,,12 min,,Film,16mm,,,Master / マスター,Positive / ポジ,,,,,,,,,,,,,,,,,,,,,,,BW,Silent,24fps,,,,,,"Metal / メタル缶; side:飯村隆彦,BLINKING,MASTER 1970
TOP:BLINKING MASTER,24FPS Original MASTER Silent B/W
",,,,,,,,,,,,"AA, RI",,,CCJ
TI_098,Blinking,まばたき,,,,TAKAHIKO Iimura,飯村隆彦,,,,,,1970,,,13 min,,Film,16mm,,,Duplicate Print / デュープ　,Positive / ポジ,,,,,,,,,,,,,,,,,,,,,,,BW,Silent,25fps,,,,,,"Plastic / プラスチック; side: TAKAHIKO IIMURA BLINKING 1970 B/W
TOP:TAKA IIMURA BLINKING (サイレント) B/W 1971,12min,16FPS,12分","TAKA IIMURA,107",,,,,,,,,,,"AA, RI",,,CCJ
TI_099,Parallel,パラレル,,,,TAKAHIKO Iimura,飯村隆彦,,,,,,1973,,,5 min,,Film,16mm,,,Duplicate Print / デュープ　,Positive / ポジ,,,,,,,,,,,,,,,,,,,,,,,BW,Silent,24fps,,,,,,"Metal / メタル缶; side:PARALLELTakahiko Iimura B/W 24FPS. Silent
TOP:PARALLELTakahiko Iimura B/W 24FPS. Silent",,,,,,,,,,,,"AA, RI",,,CCJ
Ti_100,Sakasama (Upside Down),さかさま,,,,TAKAHIKO Iimura,飯村隆彦,,,,,,1963,,,13min,,Film,16mm,,,Dupe Neg / デュープ・ネガ　,Internegative / インターネガ,,,,,,,,,,,,,,,,,,,,,,,BW,Silent,16fps,,,,,,"Metal / メタル缶; side:Sakasama (1963),Inter Nega
TOP: TAKA IIMUTA, ""SAKASAMA"" 1963, B/W, Silent.16FPS,Inter Nega
",,,,,,,,,,,,"AA, RI",print 1994,,CCJ
TI_100,Sakasama (Upside Down),さかさま,,,,TAKAHIKO Iimura,飯村隆彦,,,,,,1963,,,12 min,,,N/A,,,Master / マスター,Internegative / インターネガ,,,,,,,,,,,,,,,,,,,,,,,BW,Silent,,,,,,,,,,,,,,,,,,,"AA, RI",,,CCJ
TI_101,ONAN,オナン,,,,TAKAHIKO Iimura,飯村隆彦,,,,,,1964,,,7 min,,Film,16mm,,,Duplicate Print / デュープ　,Positive / ポジ,,,,,,,,,,,,,,,,,,,,,,,BW,Sound,,,,,,,,,"Damaged film, vineger",,,,,,,,,,"AA, RI",,,CCJ
TI_102,ONAN,オナン,,,,TAKAHIKO Iimura,飯村隆彦,,,,,,1964,,,7 min,,Film,16mm,,,Duplicate Print / デュープ　,Positive / ポジ,,,,,,,,,,,,,,,,,,,,,,,,,,,,,,,,,"Damaged, vineger",,,,,,,,,,"AA, RI",,,CCJ
TI_103,Man and Woman,男と女,,,4/3/2017,TAKAHIKO Iimura,飯村隆彦,,,,,,1976,,,,,Video,S-VHS,,,Master / マスター,,,,,,,,,,,,,,,,,,,,,,,,,,,,,,,,,,,,,,,,,,,,MJ,,,CCJ
TI_104,"[Compliation: A Chair, Blinking]",コンピレーション：チェアー、ブリンキング,,,,TAKAHIKO Iimura,飯村隆彦,,,,,,1970,,,,,Video,"¾"" U-maticS",,,Submaster / サブマスター,,,,,,,,,,,,,,,,,,,,,,,,,,,,,,,,,,,,,,,,,,,,MJ,"[Copy from 1/2"" open reel.]",,
TI_105,Man and Woman,男と女,,,2,TAKAHIKO Iimura,飯村隆彦,,,,,,1976,,,,,Video,"¾"" U-maticS",,,Master / マスター,,,,,,,,,,,,,,,,,,,,,,,,,,,,,,,,,,,,,,,,,,,,MJ,Annotations indicate this is a re-edit of 1971 work. See also TI_106.,,CCJ
TI_106,Man and Woman,男と女,,,"3, 4",TAKAHIKO Iimura,飯村隆彦,,,,,,1976,,,,,Video,"¾"" U-maticS",,,Master / マスター,,,,,,,,,,,,,,,,,,,,,,,,,,,,,,,,,,,,,,,,,,,,MJ,Annotations indicate this is a re-edit of 1971 work. See also TI_105.,,CCJ
TI_107,Time Tunnel,タイム・トンネル,,,4,TAKAHIKO Iimura,飯村隆彦,,,,,,1971,,,,,Video,"¾"" U-matic",,,Submaster / サブマスター,,,,,,,,,,,,,,,,,,,,,,,,,,,,,,,,,,.,,,,,,,,,,MJ,"[Copy from 1/2"" open reel]",,CCJ
TI_108,"Camera, Monitor, Frame",カメラ・モニター・フレーム,,,"7, 7-1",TAKAHIKO Iimura,飯村隆彦,,,,,,1976,,,0:07:00,,Video,"¾"" U-matic",,,Submaster / サブマスター,,,,,,,,,,,,,,,,,,,,,,,,,,,,,,,,,,,,,,,,,,,,MJ,"Annotations show it is a transfer from 1/2"" open reel",,
TI_109,Self Identity,セルフ・アイデンティティ,,,"8, 5",TAKAHIKO Iimura,飯村隆彦,,,,,,1972-1974,,,0:39:00,,Video,"¾"" U-matic",,,Master / マスター,,,,,,,,,,,,,,,,,,,,,,,,,,,,,,,,,,,,,,,,,,,,MJ,"Per Iimura, a version of Self Identities with 5 parts. Later, parts 4 & 5 were made into separate pieces. Creation date is from catalog. Both labeled Master although there are 2 copies; see #9. Run time from catalog.",,
TI_110,Self Identity,セルフ・アイデンティティ,,,"9, 8-5",TAKAHIKO Iimura,飯村隆彦,,,,,,1972-1974,,,0:37:00,,Video,"¾"" U-matic",,,Master / マスター,,,,,,,,,,,,,,,,,,,,,,,,,,,,,,,,,,,,,,,,,,,,MJ,"Per Iimura, a version of Self Identities with 5 parts. Later, parts 4 & 5 were made into separate pieces. Creation date is from catalog. Both labeled Master although there are 2 copies; see #8.",,CCJ
TI_111,Double Identities,ダブル・アイデンティティ,,,"10, 13",TAKAHIKO Iimura,飯村隆彦,,,,,,1979,,,0:08:00,,Video,"¾"" U-matic",,,Submaster / サブマスター,,,,,,,,,,,,,,,,,,,,,,,,,,,,,,,,,,,,,,,,,,,,MJ,"Although marked as a Master, annotations indicate it is a PAL to NTSC transfer",,CCJ
TI_112,"[Compliation: Double Portrait, I Love You]",ダブル・ポートレート/ アイ・ラブ・ユー,,,11,TAKAHIKO Iimura,飯村隆彦,"Titles are Double Portrait, I Love You",,,,,N/A,,,0:11:00,,Video,"¾"" U-maticS",,,Master / マスター,,,,,,,,,,,,,,,,,,,,,,,,,,,,,,,,,,,,,,,,,,,,MJ,Annotations indicate it is a 1987 version with sound effects.,,CCJ
TI_113,[Compliation: Self Introduction and Hit Your Own Back],コンピレーション：自己紹介とあなた自身の背中を撃て,,,12,TAKAHIKO Iimura,飯村隆彦,Titles are Self Introduction and Hit Your Own Back,,,,,N/A,,,0:18:00,,Video,"¾"" U-matic",,,Master / マスター,,,,,,,,,,,,,,,,,,,,,,,,,,,,,,,,,,,,,,,,,,,,MJ,,,CCJ
TI_114,[Documentation:Register Yourself],ドキュメンテーション：レジスター,,,"13, 9",TAKAHIKO Iimura,飯村隆彦,,,,,,1972,,,0:27:00,,Video,"¾"" U-matic",,,Camera original / オリジナル,,,,,,,,,,,,,,,,,,,,,,,,,,,,,,,,,,,,,,,,,,,,MJ,,,CCJ
TI_115,Talking to Myself: Phenomenological Operation,私自身に話すこと,,,"14, 11-?",TAKAHIKO Iimura,飯村隆彦,Parts 1-6,,,,,1978,,,0:17:00,,Video,"¾"" U-matic",,,Master / マスター,,,,,,,,,,,,,,,,,,,,,,,,,,,,,,,,,,,,,,,,,,,,MJ,,,CCJ
TI_116,Talking to Myself: Phenomenological Operation,臨床学的作用,,,15,TAKAHIKO Iimura,飯村隆彦,,,,,,1978,,,0:09:00,,Video,"¾"" U-matic",,,Master / マスター,,,,,,,,,,,,,,,,,,,,,,,,,,,,,,,,,,,,,,,,,,,,MJ,Annotations indicate at PS with super-titles,,CCJ
TI_117,[Documentation: I=You=He / She],ドキュメンテーション：私＝あなた＝彼 / 彼女,,,16 part one,TAKAHIKO Iimura,飯村隆彦,"3:00 pm performance, part 1.",,,,,1979,,,,,Video,"¾"" U-maticS",,,Camera original / オリジナル,,,,,,,,,,,,,,,,,,,,,,,,,,,,,,,,,,,,,,,,,,,,MJ,,,CCJ
TI_118,[Documentation: I=You=He / She],ドキュメンテーション：私＝あなた＝彼 / 彼女,,,"16, part two",TAKAHIKO Iimura,飯村隆彦,"5:00 pm performance, Part 2.",,,,,1979,,,0:17:00,,Video,"¾"" U-maticS",,,Camera original / オリジナル,,,,,,,,,,,,,,,,,,,,,,,,,,,,,,,,,,,,,,,,,,,,MJ,,,CCJ
TI_119,Robina Rose & Me,ロビーナ・ローズと私,,,"18, 20",TAKAHIKO Iimura,飯村隆彦,,,,,,1983,,,0:12:00,,Video,"¾"" U-maticS",,,Master / マスター,,,,,,,,,,,,,,,,,,,,,,,,,,,,,,,,,,,,,,,,,,,,MJ,Annotations indicate it is a bilingual master.,,CCJ
TI_120,Happy Halloween,ハッピー・ハロウィーン,,,"19, 22",TAKAHIKO Iimura,飯村隆彦,,,,,,1983,,,00:11:00,,Video,"¾"" U-maticS",,,Master / マスター,,,,,,,,,,,,,,,,,,,,,,,,,,,,,,,,,,,,,,,,,,,,MJ,,,CCJ
TI_121,[Compilation],コンピレーション,,,23,TAKAHIKO Iimura,飯村隆彦,New York Hotsprings is part of compilation.,,,,,1984,,,00:10:00,,Video,"¾"" U-matic",,,Submaster / サブマスター,,,,,,,,,,,,,,,,,,,,,,,,,,,,,,,,,,,,,,,,,,,,MJ,Annotations indicates New York Hotsprings is an 'original'; also indicates Betcam to U-Matic transfer.,,CCJ
TI_122,"[Compilation: Moments at the Rock; Robina Rose and Me, English language version.]",コンピレーション：岩での瞬間＆ロビーナ・ローズと私　英語バージョン,,,"24, 25",TAKAHIKO Iimura,飯村隆彦,"Titles: Moments at the Rock; Robina Rose and Me, English language version.",,,,,1984,,,,,Video,"¾"" U-matic",,,Master / マスター,,,,,,,,,,,,,,,,,,,,,,,,,,,,,,,,,,,,,,,,,,,,MJ,Attached note indicates transfer to DVCAM.,,CCJ
TI_123,Collette,コレット,,,"25, 24",TAKAHIKO Iimura,飯村隆彦,,,,,,1984,,,00:11:00,,Video,"¾"" U-maticS",,,,,,,,,,,,,,,,,,,,,,,,,,,,,,,,,,,,,,,,,,,,,,,MJ,Annotations indicate transfer from 'Beta' and transferred to DVCAM,,CCJ
TI_124,New York Day and Night,ニューヨーク　デイ・アンド・ナイト,,,"26, 41-3",TAKAHIKO Iimura,飯村隆彦,,,,,,1989,,,0:56:00,,Video,"¾"" U-matic",,,Master / マスター,,,,,,,,,,,,,,,,,,,,,,,,,,,,,,,,,,,,,,,,,,,,MJ,,,CCJ
TI_125,New York Day and Night,ニューヨーク　デイ・アンド・ナイト,,,"4, 41-4",TAKAHIKO Iimura,飯村隆彦,,,,,,1989,,,,,Video,"¾"" U-matic",,,Submaster / サブマスター,,,,,,,,,,,,,,,,,,,,,,,,,,,,,,,,,,,,,,,,,,,,MJ,Annotations indicate PAL version from NTSC master.,,CCJ
TI_126,[Compilation: Concept Tapes 1 old version],コンピレーション：コンセプト　テープス1  旧版,,,"27, 37-1",TAKAHIKO Iimura,飯村隆彦,Multiple titles.,,,,,1975-1987,,,00:43:00,,Video,"¾"" U-matic",,,Master / マスター,,,,,,,,,,,,,,,,,,,,,,,,,,,,,,,,,,,,,,,,,,,,MJ,,,CCJ
TI_127,[Compilation: Concept Tapes 2 old version],コンピレーション：コンセプト　テープス2  旧版,,,"28, 46",TAKAHIKO Iimura,飯村隆彦,Multiple titles.,,,,,1970-1990,,,00:51:00,,Video,"¾"" U-matic",,,Master / マスター,,,,,,,,,,,,,,,,,,,,,,,,,,,,,,,,,,,,,,,,,,,,MJ,,,CCJ
TI_128,[Compilation: A Jorney to Ayers Rock; Moments at the Rock & Excerpts from Ayers Rock.],エアーズロックへの旅；岩での瞬間 ＆ エアーズロックからの抜粋,,,"30, 48-3",TAKAHIKO Iimura,飯村隆彦,A Jorney to Ayers Rok; Moments at the Rock; Excerpts from Ayers Rock.,,,,,1984,,,00:32:26,,Video,"¾"" U-matic",,,Master / マスター,,,,,,,,,,,,,,,,,,,,,,,,,,,,,,,,,,,,,,,,,,,,MJ,,,CCJ
TI_129,Fluxus Replayed,フルクサス・リプレイド,,,31,TAKAHIKO Iimura,飯村隆彦,Documentation of Fluxus; camera Phil Niblock and Taka Iimura.,,,,,1991,,,,,Video,"¾"" U-matic",,,Submaster / サブマスター,,,,,,,,,,,,,,,,,,,,,,,,,,,,,,,,,,,,,,,,,,,,MJ,Annotations indicate transfer from Betacam.,,CCJ
TI_130,Scared to Death,スケアド・トゥ・デス,,,35,TAKAHIKO Iimura,飯村隆彦,,,,,,1989,,,00:17:00,,Video,"¾"" U-maticS",,,Master / マスター,,,,,,,,,,,,,,,,,,,,,,,,,,,,,,,,,,Patches of mold,,,,,,,,,,MJ,,,CCJ
TI_131,[Documentation: This is a Camera Which Shoots This],ドキュメンテーション：ディス・カメラ・ウィッチ・シュート・ディス,,,"22, 26-4",TAKAHIKO Iimura,飯村隆彦,,,,,,1983,,,,,,,,,Master Film Transfer,,,,,,,,,,,,,,,,,,,,,,,,,,,,,,,,,,,,,,,,,,,,MJ,[Transfer from film.],,CCJ
TI_132,Ma: Space / Time in the Garden of Ryoan-Ji,間：竜安寺石庭の時／空間,,,"34, 4-2",TAKAHIKO Iimura,飯村隆彦,,,,,,1989,,,,,Video,"¾"" U-maticS",,,Master Film Transfer,,,,,,,,,,,,,,,,,,,,,,,,,,,,,,,,,,,,,,,,,,,,MJ,"Marked ""Best"". Transfer from film.",,CCJ
TI_133,To the Garden of Water Lilies,モネの睡蓮の庭の方へ,,,38,TAKAHIKO Iimura,飯村隆彦,,,,,,1990,,,0:30:15,,Video,"¾"" U-matic",,,Submaster / サブマスター,,,,,,,,,,,,,,,,,,,,,,,,,,,,,,,,,,,,,,,,,,,,MJ,Annotations indicate transfer from Betacam,,CCJ
TI_134,Sky and Ground,スカイ・アンド・グラウンド,,,36,TAKAHIKO Iimura,飯村隆彦,,,,,,1991-1993,,,,,Video,"¾"" U-matic",,,Master / マスター,,,,,,,,,,,,,,,,,,,,,,,,,,,,,,,,,,,,,,,,,,,,MJ,Annotations indicate this is version #3 with poem of two-channel video; see #37.,,CCJ
TI_135,Sky and Ground,スカイ・アンド・グラウンド,,,37,TAKAHIKO Iimura,飯村隆彦,,,,,,1991-1993,,,,,Video,"¾"" U-matic",,,Master / マスター,,,,,,,,,,,,,,,,,,,,,,,,,,,,,,,,,,,,,,,,,,,,MJ,Annotations indicate this is channel 2 of two-channel video; see #36,,CCJ
TI_136,AIUEONN Six Features,あいうえおん 六面相,,,43,TAKAHIKO Iimura,飯村隆彦,,,,,,1993,,,00:06:10,,Video,"¾"" U-maticSP",,,Master / マスター,,,,,,,,,,,,,,,,,,,,,,,,,,,,,,,,,,,,,,,,,,,,MJ,Annotations indicate English version.,,CCJ
TI_137,[Documenation: AIUEONN Six Features],ドキュメンテーション：あいうえおん六面相,,,44,TAKAHIKO Iimura,飯村隆彦,,,,,,1994,,,00:08:00,,Video,"¾"" U-maticS",,,Master / マスター,,,,,,,,,,,,,,,,,,,,,,,,,,,,,,,,,,,,,,,,,,,,MJ,Annotations indicate performed in Poland in 1990; label indicates 1994.,,CCJ
TI_138,[Compilation],コンピレーション,,,"78, 14-2",TAKAHIKO Iimura,飯村隆彦,"Two works in a trilogy that includes Camera, Monitor, Frame; Observer/Observed; Observer/Observed/Observer",,,,,1976,,,00:41:00,,Video,"¾"" U-matic",,,Master / マスター,,,,,,,,,,,,,,,,,,,,,,,,,,,,,,,,,,,,,,,,,,,,MJ,"Annotations indicate 'old version (not included Camera, Monitor, Frame.",,CCJ
TI_139,Talking to Myself: Phenomenological Operation Tape A,私自身に話すこと：臨床学的作用　テープA,,,76,TAKAHIKO Iimura,飯村隆彦,Tape A for installation.,,,,,1978,,,,,Video,"¾"" U-matic",,,Master / マスター,,,,,,,,,,,,,,,,,,,,,,,,,,,,,,,,,,,,,,,,,,,,MJ,,,CCJ
TI_140,Talking to Myself: Phenomenological Operation Tape B,私自身に話すこと：臨床学的作用　テープB,,,77,TAKAHIKO Iimura,飯村隆彦,Tape B for installation.,,,,,1978,,,,,Video,"¾"" U-matic",,,Master / マスター,,,,,,,,,,,,,,,,,,,,,,,,,,,,,,,,,,,,,,,,,,,,MJ,,,CCJ
TI_141,New York Hotspring,ニューヨーク・ホットスプリング,,,74,TAKAHIKO Iimura,飯村隆彦,Tape B for installation.,,,,,1985,,,00:01:35,,Video,"¾"" U-matic",,,Master / マスター,,,,,,,,,,,,,,,,,,,,,,,,,,,,,,,,,,,,,,,,,,,,MJ,,,CCJ
TI_142,New York Hotspring,ニューヨーク・ホットスプリング,,,73,TAKAHIKO Iimura,飯村隆彦,Tape A for installation.,,,,,1985,,,00:01:45,,Video,"¾"" U-matic",,,Master / マスター,,,,,,,,,,,,,,,,,,,,,,,,,,,,,,,,,,,,,,,,,,,,MJ,,,CCJ
TI_143,New York Video Diary,ニューヨーク・ヴィデオ・ダイアリー,,,72,TAKAHIKO Iimura,飯村隆彦,,,,,,1983,,,00:47:00,,Video,"¾"" U-matic",,,Master / マスター,,,,,,,,,,,,,,,,,,,,,,,,,,,,,,,,,,,,,,,,,,,,MJ,,,CCJ
TI_144,[Documentation: As I See You You See Me],ドキュメンテーション：私があなたを見るように、あなたは私を見る,,,46,TAKAHIKO Iimura,飯村隆彦,Performed at UCLA.',,,,,1977,,,00:07:00,,Video,"¾"" U-maticS",,,Submaster / サブマスター,,,,,,,,,,,,,,,,,,,,,,,,,,,,,,,,,,,,,,,,,,,,MJ,,,CCJ
TI_145,AIUEONN Menso,あいうえおん面相,,,47,TAKAHIKO Iimura,飯村隆彦,,,,,,1993,,,00:07:00,,Video,"¾"" U-maticS",,,Master / マスター,,,,,,,,,,,,,,,,,,,,,,,,,,,,,,,,,,,,,,,,,,,,MJ,,,CCJ
TI_146,Talking to Myself at PS 1,トーキング・トゥ・マイ・セルフ・アット・ピーエス1,,,48,TAKAHIKO Iimura,飯村隆彦,,,,,,1985,,,00:11:00,,Video,"¾"" U-maticS",,,Master / マスター,,,,,,,,,,,,,,,,,,,,,,,,,,,,,,,,,,,,,,,,,,,,MJ,Catlog calls this work Talking in New York at PS 1.,,CCJ
TI_147,Monet Garden Synthesized,モネの庭,,,49,TAKAHIKO Iimura,飯村隆彦,,,,,,1988,,,00:14:30,,Video,"¾"" U-maticS",,,Master / マスター,,,,,,,,,,,,,,,,,,,,,,,,,,,,,,,,,,,,,,,,,,,,MJ,,,CCJ
TI_148,Visual Logic (and Ilogic),視覚的論理（と非論理）,,,51,TAKAHIKO Iimura,飯村隆彦,,,,,,1977,,,00:19:45,,Video,"¾"" U-matic",,,Submaster / サブマスター,,,,,,,,,,,,,,,,,,,,,,,,,,,,,,,,,,,,,,,,,,,,MJ,See additional copy on shelf with yellow sticker 6.,,CCJ
TI_149,Double Identity 2,ダブル・アイデンティティ,,,50,TAKAHIKO Iimura,飯村隆彦,,,,,,1993,,,00:07:00,,Video,"¾"" U-matic",,,,,,,,,,,,,,,,,,,,,,,,,,,,,,,,,,,,,,,,,,,,,,,MJ,May be Double Identities.,,CCJ
TI_150,AIUEONN Menso,あいうえおん面相,,,52,TAKAHIKO Iimura,飯村隆彦,,,,,,1993,,,,,Video,"¾"" U-maticS",,,Master / マスター,,,,,,,,,,,,,,,,,,,,,,,,,,,,,,,,,,,,,,,,,,,,MJ,,,CCJ
TI_151,Arakawa: Atmospheric Resemblance [A Life of Blank],アラカワ：雰囲気的な相似性　ア・ライフ・オブ・ブランク,,,55,TAKAHIKO Iimura,飯村隆彦,,,,,,1986,,,00:11:00,,Video,"¾"" U-maticS",,,Master / マスター,,,,,,,,,,,,,,,,,,,,,,,,,,,,,,,,,,,,,,,,,,,,MJ,,,CCJ
TI_152,A Day in Bahama,バハマにおける一日,,,53,TAKAHIKO Iimura,飯村隆彦,,,,,,1986,,,00:07:00,,Video,"¾"" U-matic",,,Master / マスター,,,,,,,,,,,,,,,,,,,,,,,,,,,,,,,,,,,,,,,,,,,,MJ,,,CCJ
TI_153,J. Cage Performs J. Joyce,ジョン・ケージ・パフォームス・ジェームス・ジョイス,,,"54, 28-1",TAKAHIKO Iimura,飯村隆彦,,,,,,1985,,,00:15:00,,Video,"¾"" U-maticS",,,Master / マスター,,,,,,,,,,,,,,,,,,,,,,,,,,,,,,,,,,,,,,,,,,,,MJ,Date is from catalog.,,CCJ
TI_154,Self Identity Series,セルフ・アイデンティティ・シリーズ,,,60,TAKAHIKO Iimura,飯村隆彦,,,,,,1975,,,00:29:30,,Video,"¾"" U-matic",,,Master / マスター,,,,,,,,,,,,,,,,,,,,,,,,,,,,,,,,,,,,,,,,,,,,MJ,,,CCJ
TI_155,Moments at the Rock,岩での瞬間,,,61,TAKAHIKO Iimura,飯村隆彦,,,,,,1985,,,00:12:00,,Video,"¾"" U-maticS",,,,,,,,,,,,,,,,,,,,,,,,,,,,,,,,,,,,,,,,,,,,,,,MJ,,,CCJ
TI_156,Shifting,シフティング,,,,TAKAHIKO Iimura,飯村隆彦,,,,,,1976,,,00:22:00,,Video,"¾"" U-matic",,,Master / マスター,,,,,,,,,,,,,,,,,,,,,,,,,,,,,,,,,,,,,,,,,,,,MJ,,,CCJ
TI_157,Double Portrait,ダブル・ポートレート,,,63,TAKAHIKO Iimura,飯村隆彦,,,,,,1973-1987,,,00:06:00,,Video,"¾"" U-maticS",,,,,,,,,,,,,,,,,,,,,,,,,,,,,,,,,,,,,,,,,,,,,,,MJ,Annotations indicate 'Effects Version.',,CCJ
TI_158,Video Field No. 1 & 2,ヴィデオ・フィールド No.1 ＆ 2,,,62,TAKAHIKO Iimura,飯村隆彦,,,,,,1975,,,00:12:00,,Video,"¾"" U-maticS",,,Submaster / サブマスター,,,,,,,,,,,,,,,,,,,,,,,,,,,,,,,,,,,,,,,,,,,,MJ,"[Copy from 1/2"" open reel?.]",,CCJ
TI_159,6 x 6 (Oukan Densentsu),王冠伝説,,,,TAKAHIKO Iimura,飯村隆彦,,,,,,1962,,,,,Film,8mm,,,Master / マスター,Positive / ポジ,,,,,,,,,,,,,,,,,,,,,,,,,,,,,,,,,,,,,Vineger,,,,,,,,,CCJ
TI_160,Junk,くず,,,,TAKAHIKO Iimura,飯村隆彦,,,,,,1962,,,4 min,,Film,8mm,,,Master / マスター,Positive / ポジ,,,,,,,,,,,,,,,,,,,,,,,BW,Silent,,,,,,,,,,,,,,,,,,,,,,CCJ
TI_161,Why Not Sneeze?,何故くしゃみをしない,,,,TAKAHIKO Iimura,飯村隆彦,,,,,,1963,,,,,Film,8mm,,,Master / マスター,Positive / ポジ,,,,,,,,,,,,,,,,,,,,,,,,Silent,,,,,,,,,,,,,,,,,,,,,,CCJ
TI_162,Iro (Colors),いろ,,,,TAKAHIKO Iimura,飯村隆彦,Plus 1/4n tape track,,,,,1962,,,,,Film,8mm,,,Master / マスター,Positive / ポジ,,,,,,,,,,,,,,,,,,,,,,,,Silent,16fps,,,,,,,,,,,,,,,,,,,,,CCJ
TI_163,Rose-Colored Dance,ばら色ダンス,,,,TAKAHIKO Iimura,飯村隆彦,,,,,,1964,,,,,Film,8mm,,,Master / マスター,Positive / ポジ,,,,,,,,,,,,,,,,,,,,,,,BW,,,,,,,,,,,,,,Vineger,,,,,,,,,CCJ
TI_164,The Pacific Ocean,パシフィック・オーシャン,,,,TAKAHIKO Iimura,飯村隆彦,,,,,,1962,,,,,Film,16mm,,,Master / マスター,Negative / ネガ,,,,,,,,,,,,,,,,,,,,,,,,Silent,16fps,,,,,,,,,,,,,,,,,,,,,CCJ
TI_165,The Pacific Ocean,パシフィック・オーシャン,,,,TAKAHIKO Iimura,飯村隆彦,NG with streaks. Print made with Yale Lab,,,,,1962,,,,,Film,16mm,,,Duplicate Print / デュープ　,Positive / ポジ,,,,,,,,,,,,,,,,,,,,,,,,,,,,,,,,,,,,,,,,,,,,,,CCJ
TI_166,SYNC SOUND,シンク・サウンド,,,,TAKAHIKO Iimura,飯村隆彦,,,,,,1975,,,9 min,,Film,16mm,,,Master / マスター,Positive / ポジ,,,,,,,,,,,,,,,,,,,,,,,BW,Sound,24fps,,,,,,,,,,,,,,,,,,,,,CCJ
TI_166,Flowers,フラワーズ,,,,TAKAHIKO Iimura,飯村隆彦,,,,,,1968-69,,,11 min,,Film,16mm,,,Master / マスター,Positive / ポジ,,,,,,,,,,,,,,,,,,,,,,,Color,,,,,,,,,,,,,,,,,,,,,,,CCJ
TI_167,Repeated/Reversed Time,反復し/逆行する時間,,,,TAKAHIKO Iimura,飯村隆彦,,,,,,1980,,,9 min,,Film,16mm,,,Master / マスター,Positive / ポジ,,,,,,,,,,,,,,,,,,,,,,,BW,Silent,24fps,,,,,,,,,,,,,,,,,,,,,CCJ
TI_168,DESADE,ド・サド,,,,TAKAHIKO Iimura,飯村隆彦,,,,,,1962,,,,,Film,16mm,,,Master / マスター,Positive / ポジ,,,,,,,,,,,,,,,,,,,,,,,BW,Sound,24,,,,,,,,,,,,,,,,,,,,,CCJ
TI_169,On Eye Rape,オン・アイ・レイプ,,,,TAKAHIKO Iimura,飯村隆彦,,,,,,1962,,,,,Film,16mm,,,Master / マスター,Positive / ポジ,,,,,,,,,,,,,,,,,,,,,,,Color,Silent,,,,,,,途中コマ流れOK,,,,,,,,,,,,,painted color on b/w. ,,CCJ
TI_170,On Eye Rape,オン・アイ・レイプ,,,,TAKAHIKO Iimura,飯村隆彦,,,,,,1962,,,,,Film,16mm,,,Camera Original / カメラ・オリジナル,Positive / ポジ,,,,,,,,,,,,,,,,,,,,,,,Color,Silent,,,,,,,コマ流れなし　オールド・フィルム、上映金　オリジナル・フィルム上映金,,,,,,,,,,,,,With splices. Original painted color. Jyouei kinshi,,CCJ
TI_171,The Fog,きり,,,,TAKAHIKO Iimura,飯村隆彦,,,,,,1970,,,,,Film,16mm,,,Duplicate Negative / デュープ・ネガ　,Negative / ネガ,,,,,,,,,,,,,,,,,,,,,,,,Silent,,,,,,,,,,,,,,,,,,,,,,CCJ
TI_172,Timing,タイミング,,,,TAKAHIKO Iimura,飯村隆彦,,,,,,1972,,,,,Film,16mm,,,,Negative / ネガ,,,,,,,,,,,,,,,,,,,,,,,,,,,,,,,,,,,,,,,,,,,,,,CCJ
TI_172,Talking Picture (The Structure of Film Viewing),トーキング・ビクチャー（フィルムを見ることの構造）,,,,TAKAHIKO Iimura,飯村隆彦,,,,,,1981,,,,,Film,16mm,,,,Negative / ネガ,,,,,,,,,,,,,,,,,,,,,,,,,,,,,,,"Talking Pictures, pix (positive) & snd (nega); pix with mag snd track; snd in nega. Time paper between 2 reels",,,,,,,,,,,,,negative sound,,CCJ
TI_173,Talking Picture,トーキング・ビクチャー（フィルムを見ることの構造）,,,,TAKAHIKO Iimura,飯村隆彦,,,,,,1981,,,,,Film,16mm,,,,Positive / ポジ,,,,,,,,,,,,,,,,,,,,,,,,,,,,,,,"Talking Pictures, pix (positive) & snd (nega); pix with mag snd track; snd in nega. Time paper between 2 reels",,,,,,,,,,,,,Psitive picture ,,CCJ
TI_174,Face,フェイス,,,,TAKAHIKO Iimura,飯村隆彦,,,,,,1968-69,,,13 min,,Film,16mm,,,Master / マスター,Positive / ポジ,,,,,,,,,,,,,,,,,,,,,,,Color,,,,,,,,,,,,,,,,,,,,,No picture,,CCJ
TI_175,Face,フェイス,,,,TAKAHIKO Iimura,飯村隆彦,,,,,,1968-69,,,,,Film,16mm,,,Master / マスター,Negative / ネガ,,,,,,,,,,,,,,,,,,,,,,,,,,,,,,,,,,,,,,,,,,,,Only sound,,CCJ
TI_176,"Yoko Ono: ""This Is Not Here""",ヨーコ・オノ “ディス・イズ・ノット・ヒア”,,,,TAKAHIKO Iimura,飯村隆彦,Sound by Yoko Ono,,,,,1972,,,,,Film,16mm,,,Master / マスター,Positive / ポジ,,,,,,,,,,,,,,,,,,,,,,,Color,Silent,24fps,,,,,,,,,,,,,,,,,,,"Master, 1982, This is Not Here, Pix only (Color). Snd=Tape.",,CCJ
TI_177,DADA 62,ダダ62,,,,TAKAHIKO Iimura,飯村隆彦,,,,,,1962,,,10 min,,Film,16mm,,,Master / マスター,Positive / ポジ,,,,,,,,,,,,,,,,,,,,,,,BW,Silent,24fps,,,,,,,,,,,,,,,,,,,,,CCJ
TI_178,Iro (Colors),いろ,,,,TAKAHIKO Iimura,飯村隆彦,,,,,,1962,,,,,Film,16mm,,,Master / マスター,Positive / ポジ,,,,,,,,,,,,,,,,,,,,,,,,,,,,,,,,,,,,,,,,,,,,,,Iimura
TI_179,Iro (Colors),いろ,,,,TAKAHIKO Iimura,飯村隆彦,,,,,,1962,,,,,,,,,,Negative / ネガ,,,,,,,,,,,,,,,,,,,,,,,,,,,,,,,Sound nega,,,,,,,,,,,,,,,Iimura
TI_180,Rose-Colored Dance,バラ色ダンス,,,,TAKAHIKO Iimura,飯村隆彦,,,,,,1964,,,9 min,,,N/A,,,,,,,,,,,,,,,,,,,,,,,,,,,BW,Silent,16fps,,,,,,,,,,,,,,,,,,,,,CCJ
TI_181,Junk,くず,,,,TAKAHIKO Iimura,飯村隆彦,,,,,,1962,,,8 min,,Film,16mm,,,Master / マスター,Positive / ポジ,,,,,,,,,,,,,,,,,,,,,,,BW,,,,,,,,"くず原版（Pix,Snd)",,,,,,,,,,,,,Positive pix,,CCJ
TI_182,Junk,くず,,,,TAKAHIKO Iimura,飯村隆彦,,,,,,1962,,,,,Film,16mm,,,Master / マスター,Negative / ネガ,,,,,,,,,,,,,,,,,,,,,,,,,,,,,,,,,,,,,,,,,,,,Snd track negative,,CCJ
TI_183,White Calligraphy,ホワイト・カリグラフィー,,,,TAKAHIKO Iimura,飯村隆彦,,,,,,1967,,,,,Film,16mm,,,Camera Original / カメラ・オリジナル,Reversal Positive / リバーサル・ポジ,,,,,,,,,,,,,,,,,,,,,,,BW,,,,,,,,"White Calligraphy Original. B/W, 1967 (Partial Double perf), Print Reversal with Black TRK","White Calligraphy, Silent, Pix only",,,,,,,,,,,,,,CCJ
TI_184,Talking in New York,トーキング・イン・ニューヨーク,,,,TAKAHIKO Iimura,飯村隆彦,Sound by Takahiko Iimura,,,,,1980,,,11 min,,Film,16mm,,,Master / マスター,Positive / ポジ,,,,,,,,,,,,,,,,,,,,,,,Color,Sound,,,,,,,"Iimura 777.2607; Talking with N.Y. Master Posi W. TRAK. Color, Shorterened, 11min, spliced, タイトルと最終シーンは１/2明るくプリント","Talking in NY. Transfer from with S8mm. Sound, color",,,,,Hardened. ,,,,,,,,,CCJ
TI_185,"A Dance Party in the Kingdom of Liliput, No. 2",リリパット王国舞踏会 No.2,,,,TAKAHIKO Iimura,飯村隆彦,,,,,,1964,,,,,Film,16mm,,,Master / マスター,Negative / ネガ,,,,,,,,,,,,,,,,,,,,,,,,,,,,,,,,,,,,,,,,,,,,Sound nega,,CCJ
TI_186,"A Dance Party in the Kingdom of Liliput, No. 2",リリパット王国舞踏会 No.2,,,,TAKAHIKO Iimura,飯村隆彦,,,,,,1964,,,,,Film,16mm,,,Master / マスター,Negative / ネガ,,,,,,,,,,,,,,,,,,,,,,,,,,,,,,,,Lilliput Pix neg,"Vineger, hardened.",,,,,,,,,,,Picture nega,,CCJ
TI_187,In the River,イン・ザ・リバー,,,,TAKAHIKO Iimura,飯村隆彦,,,,,,1969-70,,,,,Film,16mm,,,Master / マスター,Positive / ポジ,,,,,,,,,,,,,,,,,,,,,,,,,,,,,,,In the River Pix & Snd: Both Posi 原版,In the River TRK (Posi) ,,,,,,,,,,,,,,CCJ
TI_188,In the River,イン・ザ・リバー,,,,TAKAHIKO Iimura,飯村隆彦,,,,,,1969-70,,,,,Film,16mm,,,Master / マスター,Positive / ポジ,,,,,,,,,,,,,,,,,,,,,,,,,,,,,,,In the River Pix & Snd: Both Posi 原版,Pix,,,,,,,,,,,,,,CCJ
TI_189,Ai (LOVE),あい,,,,TAKAHIKO Iimura,飯村隆彦,,,Sound by Yoko Ono,,,1962,,,,,Film,16mm,,,Master / マスター,Negative / ネガ,,,,,,,,,,,,,,,,,,,,,,,,,,,,,,,,Picture Color Negative,,,,,,,,,,,,The 8mm original is missing.,,CCJ
TI_190,Ai (LOVE),あい,,,,TAKAHIKO Iimura,飯村隆彦,,,,,,1962,,,,,Film,16mm,,,Master / マスター,Negative / ネガ,,,,,,,,,,,,,,,,,,,,,,,,,,,,,,,,AI Love Negative Optial track,,,,,,,,,,,,,,CCJ
TI_191,Film Strips II,歯には歯を,,,,TAKAHIKO Iimura,飯村隆彦,,,,,,1966-70,,,,,Film,16mm,,,Master / マスター,Positive / ポジ,,,,,,,,,,,,,,,,,,,,,,,,,,,,,,,Film Strips 2 Inter Nega pix （プリント作成後）. Film Strips 2 Posi pix. Film Strips II 禁上映　「マスターだから）,,,,,,,,,,,,,Picture,,CCJ
TI_192,Film Strips I,歯には歯を,,,,TAKAHIKO Iimura,飯村隆彦,,,,,,1966-70,,,,,Film,16mm,,,Master / マスター,Internegative / インターネガ,,,,,,,,,,,,,,,,,,,,,,,,,,,,,,,,,,,,,,,,,,,,Picture,,CCJ
TI_193,Honey Moon,ハニー・ムーン,,,,TAKAHIKO Iimura,飯村隆彦,,,,,,1966,,,,,Film,16mm,,,Master / マスター,Positive / ポジ,,,,,,,,,,,,,,,,,,,,,,,,,,,,,,,"Honey Moon Pix 原版；いろ原版絵・音ポジ[sound is circled, probaby only sound]","Honey Moon, Silent, 16 koma, 16fps",,,,,,,,,,,,,,CCJ
TI_194,IRO (Colors),いろ,,,,TAKAHIKO Iimura,飯村隆彦,,,,,,1962,,,,,,,,,Duplicate Print / デュープ　,Positive / ポジ,,,,,,,,,,,,,,,,,,,,,,,,,,,,,,,"Honey Moon Pix 原版；いろ原版絵・音ポジ[sound is circled, probaby only sound]",IRO 音ポジ　Top,,,,,,,,,,,,Iimura says the label indicates genpan but it's not. Looking for the master,,CCJ
TI_195,AIUEONN SIX FEATURES,あいうえおん六面相,,,,TAKAHIKO Iimura,飯村隆彦,Transfer from video,,,,,1993,,,,,Film,16mm,,,Master / マスター,Positive / ポジ,,,,,,,,,,,,,,,,,,,,,,,,,,,,,,,,,,,,,,,,,,,,,,Iimura
TI_196,SHUTTER,シャッター,,,,TAKAHIKO Iimura,飯村隆彦,,,Sound by Sato Keijiro,,,1971,,,,,Film,16mm,,,Master / マスター,Positive / ポジ,,,,,,,,,,,,,,,,,,,,,,,,,,,,,,,Pix #1,,,,,,,,,,,,,Picture print,,CCJ
TI_197,SHUTTER,シャッター,,,,TAKAHIKO Iimura,飯村隆彦,,,,,,1971,,,,,Sound,16mm,,,Master / マスター,Positive / ポジ,,,,,,,,,,,,,,,,,,,,,,,,,,,,,,,For Pix (sound 1),,,,,,,,,,,,,,,CCJ
TI_198,SHUTTER,シャッター,,,,TAKAHIKO Iimura,飯村隆彦,,,,,,1971,,,,,Sound,16mm,,,Master / マスター,Positive / ポジ,,,,,,,,,,,,,,,,,,,,,,,,,,,,,,,For pix (Sound 2),,,,,,,,,,,,,,,CCJ
TI_199,TIMING 1.2.3,タイミング1.2.3,,,,TAKAHIKO Iimura,飯村隆彦,Sound by Takahiko Iimura,,,,,1972,,,,,Film,16mm,,,Master / マスター,Negative / ネガ,,,,,,,,,,,,,,,,,,,,,,,,,,,,,,,"Metal / メタル缶; To,omg 1 2 3 b/w",,,,,,,,,,,,,,,CCJ
TI_200,TIMING 1.2.3,タイミング1.2.3,,,,TAKAHIKO Iimura,飯村隆彦,,,,,,1972,,,,,Film,16mm,,,Master / マスター,Positive / ポジ,,,,,,,,,,,,,,,,,,,,,,,,,,,,,,,Metal / メタル缶,,,,,,,,,,,,,,,CCJ
TI_201,TIMING 1.2.3,タイミング1.2.3,,,,TAKAHIKO Iimura,飯村隆彦,,,,,,1972,,,11 min,,Film,16mm,,,Master / マスター,Positive / ポジ,,,,,,,,,,,,,,,,,,,,,,,BW,Sound,24fps,,,,,,Metal / メタル缶,,,,,,,,,,,,,,,
TI_202,TIME LENGTH 1.2.3,タイム・レングス,,,,TAKAHIKO Iimura,飯村隆彦,Sound by Takahiko Iimura,,,,,1972,,,11 min,,Film,16mm,,,Master / マスター,Positive / ポジ,,,,,,,,,,,,,,,,,,,,,,,BW,Sound,24fps,,,,,,Metal / メタル缶; Time Length No. 1-4 Printed in Berlin,,,,,,,,,,,,,,,CCJ
TI_203,TIME LENGTH 1.2.3,タイム・レングス,,,,TAKAHIKO Iimura,飯村隆彦,Sound by Takahiko Iimura,,,,,1972,,,9 min,,Film,16mm,,,,Positive / ポジ,,,,,,,,,,,,,,,,,,,,,,,BW,Sound,24fps,,,,,,"Metal / メタル缶; Time Length 1.2.3 16mm, b/w, sound, 312 ft. 9 min, posi",,,,,,,,,,,,,Part of Moels Reels 1 & 2.,,CCJ
,Talking to Myself: Phenomenological Operation No. 1-6,トーキング・トゥ・マイセルフ：フェノメノロジカル・オペレーション No.1-6,,,75,TAKAHIKO Iimura,飯村隆彦,,,,,,1978,,,00:17:00,,Video,"¾"" U-matic",,,Master / マスター,,,,,,,,,,,,,,,,,,,,,,,,,,,,,,,,,,,,,,,,,,,,,Date is from tape label. ,,CCJ
,John Cage Performs James Joyce,ジョン・ケージ・パフォームス・ジェームス・ジョイス,,,"54, 28-9",TAKAHIKO Iimura,飯村隆彦,,,,,,1985,,,0:15:00,,Video,"¾"" U-maticS",,,Master / マスター,,,,,,,,,,,,,,,,,,,,,,,,,,,,,,,,,,,,,,,,,,,,,,,CCJ
,A Day in Bahama,バハマにおける一日,,,"53, 30",TAKAHIKO Iimura,飯村隆彦,,,,,,1986,,,0:07:00,,Video,"¾"" U-maticS",,,Master / マスター,,,,,,,,,,,,,,,,,,,,,,,,,,,,,,,,,,,,,,,,,,,,,,,CCJ
,Arakawa: Atmospheric Resemblance [A Life of Blank],アラカワ：雰囲気的な相似性　ア・ライフ・オブ・ブランク,,,"55, 29",TAKAHIKO Iimura,飯村隆彦,,,,,,1986,,,0:11:00,,Video,"¾"" U-maticS",,,Master / マスター,,,,,,,,,,,,,,,,,,,,,,,,,,,,,,,,,,,,,,,,,,,,,,,CCJ
,AIUEONN,あいうえおん,,,"52, 59-12",TAKAHIKO Iimura,飯村隆彦,,,,,,1993,,,0:01:50,,Video,"¾"" U-maticS",,,Master / マスター,,,,,,,,,,,,,,,,,,,,,,,,,,,,,,,,,,,,,,,,,,,,,Six Features' is in Japanese.,,CCJ
*,Visual Logic (And Illogic),ヴィジュアル・ロジック(アンド アイロジック),,,,TAKAHIKO Iimura,飯村隆彦,,,,,,1977,,,,,,,,,,,,,,,,,,,,,,,,,,,,,,,,,,,,,,,,,,,,,,,,,,,,,,,,
*,Video Gesture,ヴィデオ・ジェスチャー,,,,TAKAHIKO Iimura,飯村隆彦,,,,,,1982,,,,,,,,,,,,,,,,,,,,,,,,,,,,,,,,,,,,,,,,,,,,,,,,,,,,,,,,
*,A Conversation with Video,カンバセーション・ウィズ・ビデオ,,,,TAKAHIKO Iimura,飯村隆彦,,,,,,1983,,,,,,,,,,,,,,,,,,,,,,,,,,,,,,,,,,,,,,,,,,,,,,,,,,,,,,,,
*,MA: Space / Time in the Garden of Ryoan-Ji,間：竜安寺石庭の時／空間,,,,TAKAHIKO Iimura,飯村隆彦,,,,,,1989,,,,,,,,,,,,,,,,,,,,,,,,,,,,,,,,,,,,,,,,,,,,,,,,,,,,,,,,
*,Observer/Observed,オブザーバ/ オブザーブド,,,,TAKAHIKO Iimura,飯村隆彦,,,,,,,,,,,,,,,,,,,,,,,,,,,,,,,,,,,,,,,,,,,,,,,,,,,,,,,,,,,,,,
TI_204,TIIMED 1.2.3,"タイムド 1,2,3",,,,TAKAHIKO Iimura,飯村隆彦,,,,,,1972,,,10 min,,Film,16mm,,,Master / マスター,Positive / ポジ,,,,,,,,,,,,,,,,,,,,,,,BW,Sound,24fps,,,,,,Metal / メタル缶; W/TRK,,,,,,,,,,,,,,,
TI_205,Virgin,ヴァージン,,,,TAKAHIKO Iimura,飯村隆彦,,,,,,1968,,,20 min,,Film,16mm,,,Master / マスター,Positive / ポジ,,,,,,,,,,,,,,,,,,,,,,,BW,Silent,24fps,,,,,,Cardboard / ボール紙,,,,,,,,,,,,,,,
TI_206,Virgin,ヴァージン,,,,TAKAHIKO Iimura,飯村隆彦,,,,,,1968,,,20 min,,Film,16mm,,,,Positive / ポジ,,,,,,,,,,,,,,,,,,,,,,,BW,Silent,24fps,,,,,,Plastic / プラスチック,,,,,,,,,,,,,,,
TI_207,Virgin,ヴァージン,,,,TAKAHIKO Iimura,飯村隆彦,,,,,,1968,,,20 min,,Film,16mm,,,,Positive / ポジ,,,,,,,,,,,,,,,,,,,,,,,Color,Sound,24fps,,,,,,Plastic / プラスチック; 上映禁止 旧版,,,,,,,,,,,,,,,
TI_208,Virgin,ヴァージン,,,,TAKAHIKO Iimura,飯村隆彦,,,,,,1968,,,20 min,,Film,16mm,,,,Positive / ポジ,,,,,,,,,,,,,,,,,,,,,,,Color,Sound,24fps,,,,,,Plastic / プラスチック,,,,,,,,,,,,,,,
TI_209,MA (Intervals),間(インターバルス),,,,TAKAHIKO Iimura,飯村隆彦,,,,,,1975-1978,,,22 min,,Film,16mm,,,Master / マスター,Positive / ポジ,,,,,,,,,,,,,,,,,,,,,,,BW,Sound,24fps,,,,,,Plastic / プラスチック,,,,,,,,,,,,,,,
TI_210,MA (Intervals),間(インターバルス),,,,TAKAHIKO Iimura,飯村隆彦,,,,,,1975-1978,,,22 min,,Film,16mm,,,Master / マスター,Positive / ポジ,,,,,,,,,,,,,,,,,,,,,,,Color,Sound,24fps,,,,,,Plastic / プラスチック; 光学録音 / サウンドトラックのスクラッチミュージックのため、ボリュームは大きくしてください,,,,,,,,,,,,,,,
TI_211,Talking in New York,トーキング・イン・ニューヨーク,,,,TAKAHIKO Iimura,飯村隆彦,,,,,,1980,,,25 min,,Film,8mm,,,Master / マスター,Positive / ポジ,,,,,,,,,,,,,,,,,,,,,,,Color,Sound,18fps,,,,,,Plastic / プラスチック; 上映マスター要注意,,,,,,,,,,,,,,,
TI_212,Talking in New York,トーキング・イン・ニューヨーク,,,,TAKAHIKO Iimura,飯村隆彦,,,,,,1980,,,11 min,,Film,16mm,,,,Positive / ポジ,,,,,,,,,,,,,,,,,,,,,,,Color,Sound,24fps,,,,,,Plastic / プラスチック,,,,,,,,,,,,,,,
TI_213,Talking in New York,トーキング・イン・ニューヨーク,,,,TAKAHIKO Iimura,飯村隆彦,,,,,,1980,,,11 min ,,Film,16mm,,,,Positive / ポジ,,,,,,,,,,,,,,,,,,,,,,,Color,Sound,24fps,,,,,,Plastic / プラスチック,,,,,,,,,,,,,,,
TI_214,Repeated / Reversed Time,反復し／逆行する時間,,,,TAKAHIKO Iimura,飯村隆彦,,,,,,1980,,,9 min,,Film,16mm,,,Master / マスター,Positive / ポジ,,,,,,,,,,,,,,,,,,,,,,,BW,Silent,24fps,,,,,,Plastic / プラスチック,,,,,,,,,,,,,,,
TI_215,Repeated / Reversed Time,反復し／逆行する時間,,,,TAKAHIKO Iimura,飯村隆彦,,,,,,1980,,,9 min,,Film,16mm,,,,Positive / ポジ,,,,,,,,,,,,,,,,,,,,,,,BW,Silent,24fps,,,,,,"Plastic / プラスチック; Conceived , directed ,editied, sounde made by TAKA IIMURA  optical sound 12 min",,,,,,,,,,,,,,,
TI_216,Talking Picture #1-4,トーキング・ビクチャー（フィルムを見ることの構造）＃1-4,,,,TAKAHIKO Iimura,飯村隆彦,,,,,,1981,,,17 min,,Film,Super8,,,Master / マスター,Positive / ポジ,,,,,,,,,,,,,,,,,,,,,,,Color,Sound,18fps,,,,,,"Plastic / プラスチック; 1.BETWEEN THE FRAME 2.SEEING NOTHING 3. THE PRIVILEGE TO SEE 4.I AMA VIEWER, YOU ARE A VIEWER ",,,,,,,,,,,,,,,
TI_217,Talking Picture #1-4,トーキング・ビクチャー（フィルムを見ることの構造）＃1-4,,,,TAKAHIKO Iimura,飯村隆彦,,,,,,1981-83,,,16 min,,,,,,,Positive / ポジ,,,,,,,,,,,,,,,,,,,,,,,Color,Sound,24fps,,,,,,Plastic / プラスチック; 光学録音,,,,,,,,,,,,,,,
TI_218,Talking Picture #1-4,トーキング・ビクチャー（フィルムを見ることの構造）＃1-4,,,,TAKAHIKO Iimura,飯村隆彦,,,,,,1981-83,,,16 min,,,,,,,Positive / ポジ,,,,,,,,,,,,,,,,,,,,,,,Color,Sound,24fps,,,,,,Plastic / プラスチック; 日本語?,,,,,,,,,,,,,,,
TI_225,AIUEONN Six Features,あいうえおん6面相,,,,TAKAHIKO Iimura,飯村隆彦,,,,,,1993,,,6 min,,Film,16mm,,,Master / マスター,Positive / ポジ,,,,,,,,,,,,,,,,,,,,,,,Color,Sound,24fps,,,,,,Metal / メタル缶,,,,,,,,,,,,,音とサウンド別々(全部で2つ),,
TI_226,AIUEONN Six Features,あいうえおん6面相,,,,TAKAHIKO Iimura,飯村隆彦,,,,,,1993,,,6 min,,Film,16mm,,,,Positive / ポジ,,,,,,,,,,,,,,,,,,,,,,,Color,Sound,24fps,,,,,,Metal / メタル缶,,,,,,,,,,,,,,,
TI_227,AIUEONN Six Features,あいうえおん6面相,,,,TAKAHIKO Iimura,飯村隆彦,,,,,,1993,,,6 min,,Film,16mm,,,,Positive / ポジ,,,,,,,,,,,,,,,,,,,,,,,Color,Sound,24fps,,,,,,Plastic / プラスチック,,,,,,,,,,,,,,,
TI_228,AIUEONN Six Features,あいうえおん6面相,,,,TAKAHIKO Iimura,飯村隆彦,,,,,,1993,,,6 min,,Film,16mm,,,,Positive / ポジ,,,,,,,,,,,,,,,,,,,,,,,Color,Sound,24fps,,,,,,Plastic / プラスチック,,,,,,,,,,,,,,,
TI_219,MA:SPACE / Time in the Garden of Ryoanji,間：竜安寺石庭の時／空間,,,,TAKAHIKO Iimura,飯村隆彦,,,,,,1989,,,15 min,,Film,16mm,,,,Positive / ポジ,,,,,,,,,,,,,,,,,,,,,,,Color,Sound,24fps,,,,,,Plastic / プラスチック,,,,,,,,,,,,,,,
TI_220,MA:SPACE / Time in the Garden of Ryoanji,間：竜安寺石庭の時／空間,,,,TAKAHIKO Iimura,飯村隆彦,,,,,,1989,,,15 min,,Film,16mm,,,,Positive / ポジ,,,,,,,,,,,,,,,,,,,,,,,Color,Sound,24fps,,,,,,Plastic / プラスチック,,,,,,,,,,,,,,,
TI_221,MA:SPACE / Time in the Garden of Ryoanji,間：竜安寺石庭の時／空間,,,,TAKAHIKO Iimura,飯村隆彦,,,,,,1989,,,15 min,,Film,16mm,,,,Positive / ポジ,,,,,,,,,,,,,,,,,,,,,,,Color,Sound,24fps,,,,,,Plastic / プラスチック; new,,,,,,,,,,,,,,,
TI_222,MA:SPACE / Time in the Garden of Ryoanji,間：竜安寺石庭の時／空間,,,,TAKAHIKO Iimura,飯村隆彦,,,,,,1989,,,15 min,,Film,16mm,,,,Positive / ポジ,,,,,,,,,,,,,,,,,,,,,,,Color,Sound,24fps,,,,,,Plastic / プラスチック; パーフォレーションの乱れあり / 要注意,,,,,,,,,,,,,,,
TI_223,MA:SPACE / Time in the Garden of Ryoanji,間：竜安寺石庭の時／空間,,,,TAKAHIKO Iimura,飯村隆彦,,,,,,1989,,,15 min,,Film,16mm,,,,Positive / ポジ,,,,,,,,,,,,,,,,,,,,,,,Color,Sound,24fps,,,,,,Plastic / プラスチック; used,,,,,,,,,,,,,,,
TI_224,MA:SPACE / Time in the Garden of Ryoanji,間：竜安寺石庭の時／空間,,,,TAKAHIKO Iimura,飯村隆彦,,,,,,1989,,,15 min,,Film,16mm,,,,Positive / ポジ,,,,,,,,,,,,,,,,,,,,,,,Color,Sound,24fps,,,,,,Plastic / プラスチック; メトロポリタン美術館委嘱作品,,,,,,,,,,,,,,,
TI_229,"Yoko Ono ""This Is Not Here""",ヨーコ・オノ “ディス・イズ・ノット・ヒア”,,,,TAKAHIKO Iimura,飯村隆彦,,,,,,1972,,,17 min,,Film,16mm,,,Master / マスター,Positive / ポジ,,,,,,,,,,,,,,,,,,,,,,,Color,Sound,24fps,,,,,,"Plastic / プラスチック; Magnetic Coated on the back of film  Document of Yoko Ono at exhibition in New York, 1972, with John Lennon Yoko",,,,,,,,,,,,,,,
TI_230,Sky and Ground,スカイ・アンド・グラウンド,,,,TAKAHIKO Iimura,飯村隆彦,,,,,,1991-93,,,17 min,,Film,16mm,,,Master / マスター,Positive / ポジ,,,,,,,,,,,,,,,,,,,,,,,Color,Sound,24fps,,,,,,Plastic / プラスチック; Transfer from video <master>,,,,,,,,,,,,,,,
TI_231,Sky and Ground,スカイ・アンド・グラウンド,,,,TAKAHIKO Iimura,飯村隆彦,,,,,,1991-93,,,17 min,,Film,16mm,,,,Positive / ポジ,,,,,,,,,,,,,,,,,,,,,,,Color,Sound,24fps,,,,,,Plastic / プラスチック; Transfer from Video Print やや赤め,,,,,,,,,,,,,,,
TI_232,New York Scene,ニューヨーク・シーン,,,,TAKAHIKO Iimura,飯村隆彦,,,,,,1966,,,24 min,,Film,16mm,,,,Positive / ポジ,,,,,,,,,,,,,,,,,,,,,,,BW & Color,Silent,24fps,,,,,,Plastic / プラスチック,,,,,,,,,,,,,,,
TI_233,"Summer, Happenning. U.S.A",サマー・ハプニング U.S.A,,,,TAKAHIKO Iimura,飯村隆彦,,,,,,1966,,,27 min,,Film,16mm,,,Master / マスター,Positive / ポジ,,,,,,,,,,,,,,,,,,,,,,,BW,Sound,24fps,,,,,,Plastic / プラスチック,,,,,,,,,,,,,,,
TI_234,"Summer, Happenning. U.S.A",サマー・ハプニング U.S.A,,,,TAKAHIKO Iimura,飯村隆彦,,,,,,1966,,,27 min,,Film,16mm,,,,Positive / ポジ,,,,,,,,,,,,,,,,,,,,,,,BW,Sound,24fps,,,,,,Metal / メタル缶,,,,,,,,,,,,,,,
TI_235,FILMMAKERS,フィルムメーカーズ,,,,TAKAHIKO Iimura,飯村隆彦,,,,,,1968-70,,,30 min,,Film,16mm,,,Master / マスター,Positive / ポジ,,,,,,,,,,,,,,,,,,,,,,,Color,Sound,24fps,,,,,,Metal / メタル缶; フレクサム(株) 16mm ポジフィルム 16mm サウンドポジフィルム　原版,,,,,,,,,,,,,音 / 映像　別フィルム(景2本),,
TI_236,FILMMAKERS,フィルムメーカーズ,,,,TAKAHIKO Iimura,飯村隆彦,,,,,,1968-70,,,30 min,,Film,16mm,,,,Positive / ポジ,,,,,,,,,,,,,,,,,,,,,,,Color,Sound,24fps,,,,,,Plastic / プラスチック,,,,,,,,,,,,,,,
TI_237,FILMMAKERS,フィルムメーカーズ,,,,TAKAHIKO Iimura,飯村隆彦,,,,,,1968-70,,,30 min,,Film,16mm,,,,Positive / ポジ,,,,,,,,,,,,,,,,,,,,,,,Color,Sound,24fps,,,,,,Plastic / プラスチック,,,,,,,,,,,,,,,
TI_238,1 TO 60 SEC.,１秒から60秒まで,,,,TAKAHIKO Iimura,飯村隆彦,,,,,,1972,,,30 min ,,Film,16mm,,,,Positive / ポジ,,,,,,,,,,,,,,,,,,,,,,,BW,Sound,24fps,,,,,,Plastic / プラスチック,,,,,,,,,,,,,,,
TI_239,+ & - (Plus and Minus),プラス・アンド・マイナス,,,,TAKAHIKO Iimura,飯村隆彦,,,,,,1973,,,25 min,,Film,16mm,,,,Positive / ポジ,,,,,,,,,,,,,,,,,,,,,,,Color,Silent,24fps,,,,,,Plastic / プラスチック,,,,,,,,,,,,,,,
TI_240,Front and Back / My Documentary,うらとおもて / My Documentary,,,,TAKAHIKO Iimura,飯村隆彦,,,,,,1964,,,7 min,,Film,16mm,,,,Positive / ポジ,,,,,,,,,,,,,,,,,,,,,,,BW,Silent,24fps,,,,,,Plastic / プラスチック; それぞれ別に分かれているので、一本にまとめる(フッテージが分散しているのを直す)　side: フィルム・アンデパンダン　2分　映画集あり「うらとおもて」「マイ・ドキュメンタリー」,,,,,,,,,,,,,Front and back 2 min/ my documentary5 miin,,
TI_241,Film Independents,フィルム・アンデパンダン(飯村作品除く),,,,TAKAHIKO Iimura,飯村隆彦,,,,,,1964,,,32 min,,Film,16mm,,,,Positive / ポジ,,,,,,,,,,,,,,,,,,,,,,,BW,Silent,24fps,,,,,,None / なし; 飯村作品「うらとおもて」「My Documentary」を含まず、別リール,,,,,,,,,,,,,,,
TI_242,Film Independents,フィルム・アンデパンダン,,,,TAKAHIKO Iimura,飯村隆彦,,,,,,1964,,,32 min,,Film,16mm,,,Master / マスター,Positive / ポジ,,,,,,,,,,,,,,,,,,,,,,,BW,Silent,24fps,,,,,,,,,,,,,,,,,,,,,
TI_243,MODELS’ Real 1,モデルス、リール1,,,,TAKAHIKO Iimura,飯村隆彦,,,,,,1943,,,44 min,,Film,16mm,,,,Positive / ポジ,,,,,,,,,,,,,,,,,,,,,,,BW,Sound,24fps,,,,,,Metal / メタル缶; master posi,,,,,,,,,,,,,MODELS Real 2 と同一のケース入り,,
TI_244,MODELS’ Real 2,モデルス、リール2,,,,TAKAHIKO Iimura,飯村隆彦,,,,,,1943,,,46 min,,Film,16mm,,,,Positive / ポジ,,,,,,,,,,,,,,,,,,,,,,,BW,Sound,24fps,,,,,,Metal / メタル缶; master posi,,,,,,,,,,,,,MODELS Real 1 と同一のケース入り,,
TI_245,Shelter 9999,シャッター9999,,,,TAKAHIKO Iimura,飯村隆彦,,,,,,1967,,,35 min,,Film,16mm,,,Master / マスター,Positive / ポジ,,,,,,,,,,,,,,,,,,,,,,,BW,Silent,24fps,,,,,,Cardboard / ボール紙,,,,,,,,,,,,,ケースにベルト付き / 別撮り New York Scene カラースライド31枚を含む,,
TI_246,NOW,ナウ,,,,TAKAHIKO Iimura,飯村隆彦,,,,,,1980?,,,16 min,,Film,16mm,,,,Positive / ポジ,,,,,,,,,,,,,,,,,,,,,,,BW,Sound,24fps,,,,,,Plastic / プラスチック,,,,,,,,,,,,,,,
TI_247,Lightning,ライトニング,,,,TAKAHIKO Iimura,飯村隆彦,,,,,,1982,,,22-23 min,,Film,16mm,,,Master / マスター,Positive / ポジ,,,,,,,,,,,,,,,,,,,,,,,BW,Silent,24fps,,,,,,Metal / メタル缶,,Unfinished,,,,,,,,,,,,,
