ID,Title (EN),Title (JP),Artist Name (EN),Artist Name (JP),Description (EN),Description (JP),Video URL,Creation Date,Color,Sound,Run time (HH:MM:SS),Format
TA_001,+ & - (Plus and Minus),プラス・アンド・マイナス,IIMURA Takahiko,飯村隆彦,"In this film, a mathematical juxtaposition of black and white signs explores the concept of duration. The act of looking at the visual sequence creates the experiential dimension of the concept.",この作品では、白黒の記号を数学的に並置して持続時間の概念を探っている。視覚的な順序を見るという行為は、概念の体験的側面を生み出す。,,1973,BW,Sound,0:26:00,16mm
TA_002,1 to 60 Seconds,１秒から60秒まで,IIMURA Takahiko,飯村隆彦,The numbers from 1 to 60 appear on a black screen in white color in a sequence. The film analyzes the abstraction of the concept of time.,白色の1〜60の数字が黒色の画面に順番に表示されている。この映画は時間という抽象な概念を分析する。,,1973,BW,Sound,0:30:30,16mm
TA_003,2 MIN 46 SEC 16 FRAMES,２分46秒16コマ,IIMURA Takahiko,飯村隆彦,"2 MIN 46 SEC 16 FRAMES is a one of four works that comprise Iimura’s Models, Reel 1. Inspired by John Cage’s silent composition 4′33″ (1952), Iimura turned to the concept of indivisible time and space manifested in the Japanese notion of “MA.” He used three kinds of 100-foot film to show that time can be also measured as distance. “First, the numbers 1 to 24 (one second) are written in every frame repeatedly up to 100 feet. Second, the numbers 1 to 60 are written every second in the same way as the first. Third, only the numbers 1 and 2 every minute.”—Takahiko Iimura, The Collected Writings, 2007.","「２分46秒16コマ」は「モデルス、リール1」という作品の一部である。ジョン・ケイジの作品「4分33秒」（1952）にインスピレーションを受けた飯村は日本の「MA」という不可分な時間と空間の概念に興味を向けた。彼は3種類の100フィートフィルムを使って、時間も距離として測定できることを示した。「最初に、1から24（1秒）の数字が100フィートの長さまでに繰り返して各コマに書き込まれている。次に、1から60までの数字が同じように1秒ごとに書き込まれている。第三に、1と2だけの数字が毎分に。」—Takahiko Iimura, The Collected Writings, 2007.",,1972,BW,Sound,0:09:00,16mm
TA_004,24 Frames Per Second,１秒24コマ,IIMURA Takahiko,飯村隆彦,"24 Frames Per Second explores issues of time and duration using the concept of a frame as a minimal unit in film, how a camera and a film projector operate to create the illusion of motion at the rate of 24 frames per second. In this film, each of 24 frames lasts one second. Time is measured by the contrast of light and darkness.",１秒24コマは、フィルムの最小単位としてのコマという概念を使用して時間と持続時間の問題を、またはカメラとフィルムプロジェクターが１秒24コマの速度で動きの錯覚を生み出すためにどのように動作するか、などの問題を探る。 24コマのそれぞれは1秒続いている。 時間は明暗のコントラストで測定される。,,1975–78,BW,Sound,0:12:00,16mm
TA_005,24 Frames Per Second (First Version),１秒24コマ,IIMURA Takahiko,飯村隆彦,"24 Frames Per Second explores issues of time and duration using the concept of a frame as a minimal unit in film, how a camera and a film projector operate to create the illusion of motion at the rate of 24 frames per second. In this film, each of 24 frames lasts one second. Time is measured by the contrast of light and darkness.",１秒24コマは、フィルムの最小単位としてのコマという概念を使用して時間と持続時間の問題を、またはカメラとフィルムプロジェクターが１秒24コマの速度で動きの錯覚を生み出すためにどのように動作するか、そういう問題を探る。 24コマのそれぞれは1秒続いている。 時間は明暗のコントラストで測定される。,,1975–78,BW,Sound,0:24:00,16mm
TA_006,6 x 6 (Oukan Densentsu),王冠伝説 (6 x 6),IIMURA Takahiko,飯村隆彦,"A boy and a girl in a small room, having a fight, making love and suddenly . . . a black humor on a young couple.—Takahiko Iimura, Paper Film: Love and Flowers, 1970. Music by Meirin Takeda. Cast: Sankichi and Tomi Mine.",,,1962,,Sound,0:19:00,8mm / 16mm (blow-up) (blow-up)
TA_007,A Conversation with Video,カンバセーション・ウィズ・ビデオ,IIMURA Takahiko,飯村隆彦,With Katerina Thomadaki and Takahiko Iimura. Sound in English and Japanese.,カテリーナ・トマダキ、飯村隆彦と共演。 サウンドは英語と日本語。,,1983,Color,Sound,0:16:00,Video
TA_008,A Dance Party in the Kingdom of Lilliput [No. 1],リリパット王国舞踏会,IIMURA Takahiko,飯村隆彦,"The film is divided into 7 to 8 chapters, and each chapter is 2 to 3 minutes in length. Each chapter is a fragment of the unusual everyday life of the main character, Mr. K (Sho Kazakura). Iimura notes: “These fragmentations are common to the fragmentation of Godard's A Woman is a Woman (1961) that had been screening in Tokyo at that time. However, Godard still has a story, but in my case, there is no story, there are only fragments of action. Moreover, unlike Godard, it is divided. At the same time, I was talking to my friends that I would make a more analytic movie than Godard.” —Takahiko Iimura, Eizō āto no genten: 1960 nendai, 2016.",,,1964,BW,Sound,0:14:00,16mm
TA_008.1,"A Dance Party in the Kingdom of Lilliput, No. 2",リリパット王国舞踏会 No.2,IIMURA Takahiko,飯村隆彦,"While being a document of performer Sho Kazakura’s on-street happenings, Takahiko Iimura’s Dance Party in the Kingom of Liliput, No. 2 (1966) is also a double-projection work where two prints of the same footage, one a defect print, was presented alongside one another in a way that plays with cinema’s capacity for mechanical reproduction. —Julian Ross.",パフォーマーの風倉匠のストリート・ハプニングの記録であると同時に「リリパット王国舞踏会No.2」は同じ映像からなるダブル・プロジェクションの作品で、一本はオリジナル版、もう一本は傷を加えたバージョンを並べて上映する。シネマの複製技術を表す作品。—Julian Ross.,,1966,BW,Sound,0:12:00,16mm
TA_009,A Day in Bahama,バハマにおける一日,IIMURA Takahiko,飯村隆彦,,,,1986,,,0:07:00,Video
TA_010,Ai (LOVE),あい,IIMURA Takahiko,飯村隆彦,"Extreme close-ups reveal parts of male and female bodies, or rather abstracted bodies, which, as Iimura explains, uncover the absence of an abstract concept called “love.” Yoko Ono participated in this film as an actress and a soundtrack composer; the sound of street noise was recorded in her Shibuya apartment in Tokyo. There are no scenes showing sexual intercourse, even though there is an implication of pornography. Jonas Mekas described the work as a “poetic and sensual exploration of the body.”—Takahiko Iimura, The Collected Writings, 2007.","極端なクロースアップは、飯村が説明するように、「愛」と呼ばれる抽象的な概念の欠如を明らかにする、男性と女性の身体の部分、あるいはむしろ抽象化された身体を明らかにする。小野洋子は、この映画に女優兼サウンドトラックの作曲家として参加した。 街の騒音が東京の渋谷のアパートで録音された。 ジョナス・メカスはこの作品を「体の詩的で官能的な探検」と表現した。—Takahiko Iimura, The Collected Writings, 2007.",,1962,BW,Sound,0:15:00,8mm / 16mm (blow-up)
TA_011,AIUEONN,あいうえおん,IIMURA Takahiko,飯村隆彦,"In this video, six vowels from Japanese kana and Roman alphabet are animated. There are two versions: one with a single tape and one with 2 tapes played simultaneously. AIUEONN also premiered as a performance/installation in 1982 at Victor Video Center, Tokyo.",この作品は、日本語の仮名とローマ字からとった6つの母音がアニメートされた。,,1982,Color,Sound,0:10:00,Video
TA_013,AIUEONN Six Features,あいうえおん 六面相,IIMURA Takahiko,飯村隆彦,"Iimura enunciates six vowels from Japanese kana in front of a camera while a real-time 3D video mapping deforms the screen-image of his face. The enunciated sound does not necessarily coincide with the movement of his mouth. Resembling Noh masks, the grotesque shapes of the six deformed faces captivate the viewer. Text in Japanese and English. There are two versions of this work: one is 2:30 minutes; the other is 7 minutes. Premiered as a video installation/performance in 1993 at Kirin Plaza Osaka.",飯村はカメラの前で日本語の仮名からとった6つの母音を発声すると同時に、リアルタイムの3Dビデオ・マッピングを使い彼の顔のスクリーンイメージを変形させた。この母音は必ずしも彼の口の動きと一致しない。奇妙に変形させた六面相が能面に似ていると共に観客に魅力的な影響を与える。,,1993,Color,Sound,0:07:00,Video
TA_014,AMA ATA,アマタ,IIMURA Takahiko,飯村隆彦,,,,1965,,,0:17:00,Film
TA_015,Anma (The Masseurs),あんま,IIMURA Takahiko,飯村隆彦,"In Anma, Butoh artists Tatsumi Hijikata and Kazuo Ohno perform the characters of a soldier and a mad woman, respectively, in front of an audience at the Sogetsu Art Center. Iimura documented the dance with a camera on stage, thus incorporating himself and the camera into the performance. According to Iimura, this “cine-dance” was an attempt to practice “the oneness of the body and the camera.”—Takahiko Iimura, Eizō āto no genten: 1960 nendai, 2016.",「あんま」では、草月芸術センターの観客の前で舞踏家の土方辰巳と大野一夫がそれぞれ演じた。 飯村は舞台にカメラを置いて踊りを記録し、自分自身とカメラをパフォーマンスに組み入れた。 飯村によると、この「シネダンス」は「体とカメラの一体感」を実践する試みであった。—飯村隆彦『映像アートの原点 1960年代』 水声文庫　2016,,1963,BW,Silent,0:20:00,8mm / 16mm (blow-up)
TA_016,Arakawa: Atmospheric Resemblance [A Life of Blank],アラカワ：雰囲気的な相似性　ア・ライフ・オブ・ブランク,IIMURA Takahiko,飯村隆彦,"Shusaku Arakawa’s paintings and drawings were exhibited at Ronald Feldman Fine Arts, a New York gallery, in 1983. The exhibition subsequently traveled to Padiglione d'Arte Contemporanea (PAC) in Milan in September of the same year. Power within power forms what Arakawa calls “blank.” Through this blank an individual or a group perceives itself as an unstable entity open to transformation. Arakawa’s conceptual paintings combine text, geometric shapes, and abstract forms.","1983年にニューヨークのロナルド・フェルドマンギャラリーで荒川修作の絵画やデッサンが展示された。同年9月にミラノのパディグリオーネ・ダルテ現代美術館（PAC）に出展した。力の中の力は荒川が空白と呼ぶものを形成する。この空白を通して、個人あるいはグループは変容しやすく、不安定な存在として自分自身を認識する。荒川のコンセプト絵画は、テキスト、幾何学的、抽象的な形を組み合わせたものである。
",,1986,Color,Sound,0:11:00,Video
TA_017,Blinking,まばたき,IIMURA Takahiko,飯村隆彦,"This minimalist video shows a close-up of eyes with a flickering effect created by superimposing the positive over the negative. The sound rhythmically accentuates the blinking of the eyes, leaving a hypnotic impression.",このミニマルビデオは目のクロースアップが対象で、ネガの上にポジを重ねることによって発生するちらつき効果を撮影した。サウンドは目のまばたきをリズミカルに強調している。,,1970,BW,Sound,0:05:00,Video
TA_018,"Camera, Monitor, Frame",カメラ・モニター・フレーム,IIMURA Takahiko,飯村隆彦,"Camera, Monitor, Frame is the first installment of Takahiko Iimura's “Video Semiotics Triptych” (the other two works are Observer/Observed, made in 1975, and Observer/Observed/Observer, made in 1976). The work analyzes the fundamental components of video: the camera, the monitor, and the frame, focusing on the role of each within a system of video as analogous to the functions of vision and speech. Iimura remade this work as an 8-minute video version in 1998.",「カメラ、モニター、フレーム」は、飯村の「 Video Semiotics Triptych」という三部作の一部である。二部と三部は、1975年の「Observer / Observed」と、1976年の「Observer / Observed / Observer」である。この作品は、視覚と音声の機能に類似したビデオシステム内のそれぞれの役割に焦点を当てながら、ビデオの基本的なコンポーネント、カメラ、モニター、およびフレームを分析する。,,1976,BW,Sound,0:20:00,Video
TA_019,Colette,コレット,IIMURA Takahiko,飯村隆彦,With artist Colette.,アーティスト、コレット出演。,,1984,Color,Sound,0:11:00,Video
TA_020,"Buddha, Again (a.k.a. Cosmic Buddha)",コスミック・ブッダ,IIMURA Takahiko,飯村隆彦,"For this film, Iimura photographed a relief of Buddha in Kathmandu. A blurred image of Buddha reflects the state of abstraction confined within the temporal and spatial Buddhist cosmology. Iimura manipulated the footage as well by expanding the original 8mm version and re-filming it in 16mm. ",飯村はカトマンズで仏様のレリーフを撮影した。 ぼやけた仏像は、時空間の仏教宇宙という抽象化の状態を反映している。飯村は、オリジナルの8 ミリバージョンを拡大し、16ミリに再撮影した。,,1969–70,Color,Sound,0:12:00,16mm
TA_021,DADA 62,ダダ62,IIMURA Takahiko,飯村隆彦,"During the live screening of Dada 62, a filmed record of the 15th Yomiuri Independent exhibition, Iimura gave a performance using a musical score by Yasunao Tone and an 8mm projector as an instrument to slow, freeze, zoom, or blur the image.",第15回読売インディペンデント展の撮影記録である「Dada 62」のライブ上映中、刀根康尚のスコアを元に、飯村が8mmプロジェクターを使用し、画像を減速、フリーズ、ズーム、またはぼかすなどのパフォーマンスをした。,,1962,BW,Silent,0:10:00,8mm / 16mm (blow-up)
TA_022,DE SADE,ド・サド,IIMURA Takahiko,飯村隆彦,"“An amusing juxtaposition of the lithograph of Journeés de Sodome by Marquis De Sade and a Beatles soundtrack. Iimura succeeded admirably.”—Sal Fallica, in Takahiko Iimura’s Paper Film: Love and Flowers, 1970.",「Marquis De Sadeのリトグラフ『Journeés de Sodome』とビートルズのサウンドトラックの面白い並置。 飯村はそれを見事に成功させた。」—サル・ファリカ、飯村隆彦『ペーパー・フィルム』芳賀書店　1970,,1962,BW,Sound,0:10:00,8mm / 16mm (blow-up)
TA_024,Double Identities,ダブル・アイデンティティ,IIMURA Takahiko,飯村隆彦,"Iimura explores the notion of “I” as an abstract one, even though the image and the voice belong to him. Rather, this “I” serves as an avatar that anybody can occupy. “Double Identities consists of a series of five pieces, each of which is only one and a half minutes long. Throughout the video, the image of a monitor appears within the actual monitor, and the result is a reduplicating structure in which we see one “I” in the actual monitor and watch its double in the pictured monitor.”—Takahiko Iimura, The Collected Writings, 2007. Sound in English.",この作品で飯村は、たとえそのイメージと声が彼のものであったとしても、「私」の概念を抽象的なものとして探求している。 むしろ、この「私」は誰でも占有できるアバターとして機能する。 ,,1979,Color,Sound,0:08:00,Video
TA_025,Double Identities 2,ダブル・アイデンティティ,IIMURA Takahiko,飯村隆彦,,,,1993,,,0:07:00,Video
TA_026,Double Portrait,ダブル・ポートレート,IIMURA Takahiko,飯村隆彦,With Takahiko Iimura and Akiko Iimura. Sound in English.,飯村隆彦と飯村明子が共演。,,1973–87,BW & Color,Sound,0:06:00,Video
TA_027,Face,フェイス,IIMURA Takahiko,飯村隆彦,"Face stars underground cinema actresses Donna Kerness and Mario Montez as well as Linda, a transvestite man. “Face is a kind of absurd film. Three women express their sexual excitement only with their facial expressions. The close-ups of three faces keep changing and appear, so often it is hard to know whose face is or which part of the face. . . . This work is not about an individual face, but rather about the interconnected faces of the three women, a facial expression as a whole, and chasing a movement.”—Takahiko Iimura, Eizō āto no genten: 1960 nendai, 2016.　Sound: Akiko Iimura laughing.",アンダーグラウンドスターの映画女優、ドナ・カーネスとマリオ・モンテス、そして女装者のリンダ。 「顔は一種の不条理な映画である。 3人の女性は、表情でのみ性的興奮を表現する。 3つの顔のクロースアップは変化し続けて現れ、誰の顔であるのか、また顔のどの部分であるのかわかりにくいことがよくある。…この作品は個人の顔に関するものではなく 全体としての表情、そして動きを追いかける。」 - 飯村隆彦『映像アートの原点 1960年代』 水声文庫　2016,,1968-69,Color,Sound,0:17:00,16mm
TA_028,Film Independents,フィルム・アンデパンダン,IIMURA Takahiko,飯村隆彦,"After the Yomiuri Independent Exhibition was closed in 1963, a group of avant-garde artists including Takahiko Iimura organized the Film Independent film festival. The showcased experimental films were each 2 minutes long.",1963年に読売インディペンデント展が閉幕した後、飯村隆彦を含めて前衛的な芸術家たちがインディペンデント映画祭「フィルム・アンデパンダン」を開催した。展示されている実験映画の長さはそれぞれに2分しかなかった。,,1964,BW & Color,Sound,0:32:00,16mm
TA_029,Film Strips I,フィルム・ストリップス Ⅰ,IIMURA Takahiko,飯村隆彦,Film Strips I and II focus on the hippie movement and the black riots of the mid-1960s. Iimura explained that he expressed the avant-garde nature of these social and political movements with an avant-garde theme and method. ,フィルムストリップIとIIは、1960年代の半ばにヒッピー運動と黒人暴動に焦点を当てている。 飯村は、これらの社会的政治的運動の前衛性を前衛的な主題と前衛的な方法で表現したと説明した。,,1966–70,BW,Sound,0:14:00,16mm
TA_030,Film Strips II,フィルム・ストリップス Ⅱ,IIMURA Takahiko,飯村隆彦,Film Strips I and II focus on the hippie movement and the black riots of the mid-1960s. Iimura explained that he expressed the avant-garde nature of these social and political movements with an avant-garde theme and method. ,フィルムストリップIとIIは、1960年代の半ばにヒッピー運動と黒人暴動に焦点を当てている。 飯村は、これらの社会的政治的運動の前衛性を前衛的な主題と前衛的な方法で表現したと説明した。,,1966–70,BW,Sound,0:13:00,16mm
TA_031,FILMMAKERS,フィルムメーカーズ,IIMURA Takahiko,飯村隆彦,"With Andy Warhol, Stan Brakhage, Jonas Mekas, Jack Smith, Stan VanDerBeek, and Takahiko IImura. For this film, Iimura borrowed the representative method of each filmmaker to create their cinematic portraits. —Takahiko Iimura, The Collected Writings, 2007.","この作品にアンディウォーホル、スタン・ブラッケージ、ジョナス・メカス、ジャック・スミス、スタン・バンダービークら映像作家が参加した。彼らの典型的なシネマスタイルを借り、各作家のシネマ・ポートレートを作った。—Takahiko Iimura, The Collected Writings, 2007.",,1969,Color,Sound,0:28:00,16mm
TA_032,Flowers Orgy,フラワーズ・オージー,IIMURA Takahiko,飯村隆彦,Documentation of a performance by Yayoi Kusama. Sound by Takahiko Iimura.,草間彌生によるパフォーマンスの記録。 飯村隆彦によるサウンド。,,1968,Color,Sound,0:12:00,16mm
TA_033,Flowers,フラワーズ,IIMURA Takahiko,飯村隆彦,Flowers was inspired by the hippie culture of New York’s East Village.,「フラワーズ」はイースト・ビレッジのヒッピー文化をテーマにしている。,,1968-69,Color,Sound,0:11:00,16mm
TA_034,Fluxus Replayed,フルクサス・リプレイド,IIMURA Takahiko,飯村隆彦,"Documentation of a 1991 performance in New York, which reproduced historical Fluxus pieces from the early 1960s. The S.E.M. Ensemble together with some of the Fluxus artists themselves, perform works by Nam June Paik, Yoko Ono, Dick Higgins, George Brecht, Allison Knowles, Ben Patterson, Jackson Mac Low, and Emett Williams. Camera: Phill Niblock and Takahiko Iimura.",1960年代初頭からの歴史的なフルクサス作品を再現した、ニューヨークでの1991年の公演の記録。 S.E.M.アンサンブルと フルクサスのアーティストたち自身と共にナム・ジュン・パイク、オノ・ヨーコ、ディック・ヒギンス、ジョージ・ブレヒト、アリソン・ノウルズ、ベン・パターソン、ジャクソン・マック・ロー、エメット・ウィリアムズらの作品を再演する。 カメラ：Phill Niblockと飯村隆彦。,,1991,BW,Sound,0:30:00,Video
TA_035,Front and Back / My Documentary,うらとおもて / My Documentary,IIMURA Takahiko,飯村隆彦,"A video version of Front and Back premiered in 1974 as a performance/installation at Kunsthalle, Cologne, with audience participation. Front and Back, 2 minutes; My Documentary, 5 miinutes.",,,1964,,,0:07:00,16mm
TA_036,Happy Halloween,ハッピー・ハロウィーン,IIMURA Takahiko,飯村隆彦,,,,1983,Color,Sound,0:11:00,Video
TA_037,Honey Moon,ハニー・ムーン,IIMURA Takahiko,飯村隆彦,"“A trip to the decorative Buddhist shrine on mountainside. Actually filmed on honeymoon.”— Takahiko Iimura, Paper Film: Love and Flowers, 1970.","「山の中間にある装飾的な仏教寺院への旅。飯村のハニームーン中に作られた作品。」
飯村隆彦『ペーパー・フィルム』芳賀書店　1970",,1966,Color,Silent,0:07:00,8mm / 16mm (blow-up)
TA_038,I Love You,アイ・ラブ・ユー,IIMURA Takahiko,飯村隆彦,"“A camera hung from ceiling and panning 360 degree in a tiny room with a girl and a boy naked (actors) and a director, a cameraman, lightmen, a producer, and watchers around.”—Iimura, The Collected Writings, 2007. With Takahiko Iimura and Akiko Iimura. Sound in English.","「天井から吊り下げられたカメラが360度パンし、小さな部屋で女の子と男の子（俳優）と監督、カメラマン、ライトマン、プロデューサー、そして観客が映る」 —Iimura, The Collected Writings, 2007。共演：飯村貴彦、飯村明子",,1973-87,BW & Color,Sound,0:06:00,Video
TA_039,I Saw the Shadow,私は影を見た,IIMURA Takahiko,飯村隆彦,"Unlike artist Takamatsu Jiro who uses the shadows of strangers for his Shadow Painting series, Iimura uses his own shadow as an individual object in this film. He writes: “’I’ with a camera walk the concrete road of the city following my own shadow. However, I don’t know the surrounding landscape because I am entirely focused on filming my shadow. [My shadow] moves, discovers, disappears, and perishes in search of its own identity.” With Akiko Iimura.",この作品では、他人の影を撮影する高松次郎の「影」とは異なり、飯村は自分自身の影を個人的な対象として使用している。飯村は「カメラを持った『私』は、自らの影を追って町のコンクリートの道路を歩くが、撮っているのはもっぱら自分の影なので、周囲の風景までは分からない。… 自らのアイデンティティを求めて移動し、発見し、見失い、消滅する。」と書いている。,,1966,BW,Silent,0:13:00,8mm / 16mm (blow-up)
TA_040,In the River,イン・ザ・リバー,IIMURA Takahiko,飯村隆彦,"The film shows a man taking a bath in a sacred river in the Kathmandu area. “The finished film develops an interesting parallel between the man's careful bathing as the river flows past and Iimura’s careful analysis of the man's physically simple activities as the film flows through the camera.”—Scott MacDonald, Afterimage, 1978.",この映画は、カトマンズ地方の神聖な川で男が風呂に入っているところを示している。 ,,1969-70,Color,Sound,0:17:00,16mm
TA_041,IRO (Color),いろ,IIMURA Takahiko,飯村隆彦,"“A striking experiment in color in which paints are transformed in water, in which melting waxes are mixed the result being a metamorphosis from one color to the next.”—Donald Richie, Paper Film: Love and Flowers, 1970. Music by Yasunao Tone.","「塗料を水中で変形させ、溶融ワックスを混ぜ合わせることによる色彩の驚くべき実験。その結果、ある色から次の色への変態が生じる。」 —Donald Richie, Paper Film: Love and Flowers, 1970. Music by Yasunao Tone.",,1962,Color,Sound,0:12:00,8mm / 16mm (blow-up)
TA_042,John Cage Performs James Joyce,ジョン・ケージ・パフォームス・ジェームス・ジョイス,IIMURA Takahiko,飯村隆彦,"The film documents John Cage reading, singing, and whispering a text taken from  Finnegans Wake by James Joyce.  ",この作品ではジョン・ケージがジェイムズ・ジョイスの「フィネガンズ・ウェイク」からのテキストを読み、歌い、そしてささやくパフォーマンスを記録している。,,1985,Color,Sound,0:15:00,Video
TA_043,Junk,くず,IIMURA Takahiko,飯村隆彦,"“The beach in Tokyo Bay was a dumpsite of all the city’s human, animal, and industrial wastes when I shot Junk there in the early 60s—today this is no longer the case. I was interested in the way that my commitment could revive the junk and dead animals. At times the objects are animated, which could be seen as surreal, yet they are real at the same time. The concept coincides with the Neo-Dada in art, in which junk is assembled and incorporated into artwork. Yet from today’s point of view, the film certainly shows concern with the ecology and may be regarded as an early attempt to deal with the destruction of our environment.”—Iimura, The Collected Writings, 2007. Music by Takehisa Kosugi. ",,,1962,BW,Sound,0:10:00,8mm / 16mm (blow-up)
TA_044,Lightning,ライトニング,IIMURA Takahiko,飯村隆彦,,,,1982,,,0:22:00,16mm
TA_045,MA (Intervals),間 (インターバルス),IIMURA Takahiko,飯村隆彦,"Iimura explores Henry Bergson’s concept of the time duration or durée, which he compares to the Japanese concept of ma as a temporal-spatial entity. The work combines four elements: black leader, clear leader, a scratched white line on black, and a scratched black line on clear. “The abstract composition of black and white using the materials of black and clear leaders does not show the movement of an object. Though time in film usually is shown in the process of movement, MA (Intervals) consists of time intervals without movement.”—Iimura, The Collected Writings, 2007. ",この作品で飯村は、ヘンリー・バーグソンの時間またはデュレの概念を探求している。これを時空間的実体としての「間」という概念と比較する。,,1975-78,BW & Color,Sound,0:22:00,16mm
TA_046,MA: Space/Time in the Garden of Ryoan-ji,間：竜安寺石庭の時／空間,IIMURA Takahiko,飯村隆彦,"“In making the film of Ryoan-ji, I thought about ‘MA’ as an indivisible state of time and space and tried to describe the state in filmic terms. The image of immovable stones in a space has been shot before in many photographs and movies. I thought of not merely realizing the concept of ‘MA,’ but also of experiencing a real ‘MA’ through viewing the film. In other words, I wanted not to illustrate the film as an explanation of the text, as a usual art instructional film, but to make the film viewing an actual experience of ‘MA.’” Takahiko Iimura, The Collected Writings, 2007. Text by Arata Isozaki. Music by Takehisa Kosugi. Produced for the Metropolitan Museum of Art, New York, and Getty Trust, Los Angeles. The video version of this work—also color, sound, 1989—is a transfer from the film. Premiered as a video installation/performance in 1993 at Kirin Plaza Osaka.","「竜安寺の映画を制作するにあたり、私は「MA」を不可分な時間と空間の状態として考え、その状態を映画的に表現することを試みた。 空間内の動けない石のイメージは、以前にも多くの写真や映画で撮影されていた。 私は単に「MA」の概念を実現するだけでなく、映画を見ることによって本当の「MA」を体験することも考えた。 私はその映画を通常の芸術教育映画、テキストの説明として説明するのではなく、映画を「MA」の実際の経験として見せるようにしたかったのである。」Takahiko Iimura, The Collected Writings, 2007.　テキスト：磯崎新。音楽：小杉武久。 ニューヨークのメトロポリタン美術館、ロサンゼルスのゲッティ・トラストで制作。",,1989,Color,Sound,0:16:00,16mm
TA_047,Man and Woman,男と女,IIMURA Takahiko,飯村隆彦,"Video performance/installation, Tokyo Metropolitan Art Museum, Tokyo. For this installation, four video tapes recorded in the same order were played on four video players and projected on four monitors with different starting points. The image showed seemingly nude (wearing thin tights) woman and man with arms and legs wide open shot from above. Iimura characterized this position as in the “Vitruvian Man” by Leonardo da Vinci. The immobile pose of a man’s and that of a woman’s front and the back as well as one over/under the other are shown respectively. “The narration merely describes each position in a matter-of-fact way. So that the piece is not sexual at all, as some commentators believed.”—Takahiko Iimura interview, The Moving Image Review and Journal, 2012.  ",,,1971,BW,Sound,0:02:00,Video
TA_048,"MODELS, Reel 1",モデルス、リール1,IIMURA Takahiko,飯村隆彦,,, ,1972,BW,Sound,0:43:00,16mm
TA_049,"MODELS, Reel 2",モデルス、リール2,IIMURA Takahiko,飯村隆彦,,,,1972,BW,Silent,0:44:00,16mm
TA_050,Moments at the Rock,Moments at the Rock,IIMURA Takahiko,飯村隆彦,"For this work, Iimura chose the subject of Ayers Rock, a gigantic rock in central Australia. The video captures the rock’s natural change of color at different times of the day, especially at dawn and sunset. Moments at the Rock was awarded Grand Prize at the Black Maria Film Festival in 1986 and Golden Gate Prize at the San Francisco International Film Festival in 1987. Premiered as a video performance/installation, Hara Museum of Contemporary Art, Tokyo, in 1985.",主題としては、エアーズロックという中央オーストラリアに位置し、巨大な岩を選択した。ビデオでは、特に夕陽と朝陽を浴びて異なる時間帯における岩の自然な色が変化していく様子を捉えている。 「Moments at the Rock」は、1986年にトーマス・エジソン・ブラックマリア映画＆ビデオフェスティバルで大賞を、1987年にサンフランシスコ国際フィルムフェスティバルでゴールデンゲート賞を受賞した。1985 原美術館にてビデオパフォーマンス/インスタレーション。,,1984,Color,Sound,0:12:00,Video
TA_051,Monet Garden Synthesized,モネの庭,IIMURA Takahiko,飯村隆彦,Music by Peter Rudolfi.,音楽：ピータールドルフィ。,,1988,Color,Sound,0:15:00,Video
TA_052,New York Day and Night,ニューヨーク　デイ・アンド・ナイト,IIMURA Takahiko,飯村隆彦,"Iimura embarks on a conceptual journey through iconic New York City sites such as Wall Street, the World Trade Center, and Washington Bridge. Held at a high angle, his camera avoids crowded streets and captures the tips of the skyline or buildings in the frame. The apparent sense of emptiness is interrupted by the bird’s flight in blue sky, the wind blowing up bubbles, an American flag floating above the street, and other city vibrations. Iimura revisits the spatial-temporal concept of “MA” in the context of New York. Music by Takehisa Kosugi.",飯村は、ウォールストリート、ワールドトレードセンター、ワシントンブリッジなどの象徴的なニューヨークのサイトを通して概念的な旅に出る。カメラは、混雑した通りを避け、フレーム内にハイアングルからスカイラインや建物の先端を捉える。見かけの空虚さは、青い空を飛んでいる鳥、泡を吹く風、通りの向こうに浮かぶアメリカの国旗など、街の振動によって妨げられている。飯村はニューヨークの環境で「間」という時空間概念を再考する。音楽：小杉武久,,1989,Color,Sound,0:55:00,Video
TA_053,New York Hotspring,ニューヨーク・ホットスプリング,IIMURA Takahiko,飯村隆彦,"Iimura found a parallel between the steam of Japanese hot springs and the vapor coming out of manholes in the streets of New York. The sequence of the juxtaposed closeups and long shots, 5 seconds each, shows steaming manholes at 10 different locations in the city. Premiered as a video performance/installation, Hara Museum of Contemporary Art, Tokyo, in 1985.",飯村は日本の温泉の蒸気とニューヨークの通りのマンホールから出る蒸気との間に平行性を見いだした。 それぞれ5秒間の並置されたクローズアップとロングショットのシーケンスは、市内の10の異なる場所でのマンホールの蒸気を示している。1985 ビデオ・インスタレーション／インスタレーション、原美術館、東京。,,1984,BW,Sound,0:10:00,Video
TA_054,New York Scene,ニューヨーク・シーン,IIMURA Takahiko,飯村隆彦,"“A simultaneous juxtaposition of New York’s arts and actual scenes including hippies’ Be-in, Opera-sextronique by Charlotte Moorman, destructive Happening by Nam June Paik, body-painting by Kusama, filming scene of the Kuchars, Flaming Creatures scenes with Jack Smith, a performance by Kosugi, and hippie scenes in the East Village.”—Takahiko Iimura, Paper Film: Love and Flowers, 1970.","「ニューヨークの芸術と、ヒッピーのBe-in、Charlotte MoormanのOpera-sextronique、Nam June Paikの破壊的なハプニング、Kusamaのボディペインティング、Kucharsのシーンを撮影した実際のシーンの同時併合、「Flaming Creature」シーン ジャック・スミス、小杉によるパフォーマンス、そしてイーストビレッジでのヒッピーシーン。」 —Takahiko Iimura, Paper Film: Love and Flowers, 1970.",,1966,Color,Silent,0:35:00,8mm / 16mm (blow-up)
TA_055,New York Scene 1,ニューヨーク・シーン1,IIMURA Takahiko,飯村隆彦,,,,1966,Color,Silent,0:35:00,8mm
TA_056,New York Scene 2,ニューヨーク・シーン2,IIMURA Takahiko,飯村隆彦,,,,1966,Color,Silent,0:35:00,8mm
TA_057,New York Scene 3,ニューヨーク・シーン3,IIMURA Takahiko,飯村隆彦,,,,1966,Color,Silent,0:35:00,8mm
TA_058,New York Scene 4,ニューヨーク・シーン4,IIMURA Takahiko,飯村隆彦,,,,1966,Color,Silent,0:40:00,8mm
TA_059,New York Video Diary,ニューヨーク・ヴィデオ・ダイアリー,IIMURA Takahiko,飯村隆彦,With filmmaker Jack Smith.,共演：ジャック・スミス,,1966,Color,Silent,0:47:00,8mm / 16mm (blow-up)
TA_060,NOW,ナウ,IIMURA Takahiko,飯村隆彦,,,,1980,,,0:16:00,16mm
TA_061,Observer/Observed,オブザーバ/ オブザーブド,IIMURA Takahiko,飯村隆彦,"“In this piece the relationship between the observer and the observed is transferred to a pair of cameras and a monitor, which face each other. . . . The person stands beside the camera from the beginning, and responds to the camera. At first we see a close up of both eyes of the person; she looks up and down, and a female voice (the same person’s voice) utters ‘observe’ corresponding with the movements of the eyeballs. In the 1975 version, ‘observe’ was uttered by a male voice, but this time it is said by the person herself.”—Takahiko Iimura, The Collected Writings, 2007. With Takahiko Iimura & Akiko Iimura. Sound in English. Iimura remade this work as an 8-minute video version in 1998.",,,1975,BW,Sound,0:20:00,Video
TA_062,On Eye Rape,オン・アイ・レイプ,IIMURA Takahiko,飯村隆彦," “The original film was rescued form a Tokyo trash bin. It is an American sexual education film in which plant and animal sex are explained. I, together with an artist friend, Natsuyuki Nakanishi, punched big holes in almost all the frames. It was a protest against Japanese censorship of explicit images of sex, particularly public hair which the censors would cover with black marks. I inserted a few subliminal frames of pornographic imagery from a magazine several times throughout the film. At the end, I even punched holes in the subliminal pictures, thereby ‘censoring’ the censored image.”—Takahiko Iimura, The Collected Writings, 2007. Co-production with Natsuyuki Nakanishi."," 「動植物の性別が説明されているアメリカの性教育映画である原作の映画は東京のゴミ箱から回収された。私は、芸術家の友人の中西夏之と共に、ほとんどすべてのフレームに大きな穴を開けた。ポルノ雑誌の写真をフレームの一部に挿入することによって、日本の性的イメージに対するセンサーシップの抗議をした。」 —Takahiko Iimura, The Collected Writings, 2007。中西夏之との共同制作",,1962,Color,Silent,0:10:00,16mm
TA_063,ONAN,オナン,IIMURA Takahiko,飯村隆彦,"Onan narrates the surreal story of a young man who masturbates and gives birth to a plastic egg (an objet d’art created by Natsuyuki Nakanishi). In the last scene, the young man runs outside with the egg and bumps into a young woman who ignores him. Iimura explains that onanism symbolizes self-destructive behavior resulting from frustration. The film won a special prize at the Brussels International Experimental Film Competition in 1964. With Natsuyuki Nakanishi. Music by Yasunao Tone. ",オナンは、自慰行為をしてプラスチックの卵一個を産む若い男のシュールな話を語る。 卵は中西夏之のオブジェの作品である。最後のシーンでは、若い男は卵を運びながら外に走り、彼を無視した若い女性にぶつかる。 飯村は、手淫は欲求不満から生じる自己破壊的行動を象徴すると説明している。 この映画は、1964年にブリュッセル国際実験映画コンクールで特別賞を受賞した。中西夏之と。 音楽：刀根 康尚.,,1963,BW,Sound,0:07:00,16mm
TA_064,One Frame Duration,一コマの長さ,IIMURA Takahiko,飯村隆彦,The film explores the notion of the “duration” of one frame. Sound by Takahiko Iimura.,この映画では、一枚のコマの「継続時間」という概念を探っている。音：飯村隆彦,,1977,BW,Sound,0:11:00,16mm
TA_065,Parallel,パラレル,IIMURA Takahiko,飯村隆彦,"“Two vertical parallel lines—one photographed, the other scratched into dark leader—are presented in a variety of configurations which dramatize what Iimura sees as the fundamental disparity between the totemic tendencies of photographic illusionism.”—Scott MacDonald, Afterimage, April 1978.","撮影した線と暗いリーダーに傷をつけた線、この2つの垂直の平行線をさまざまな構成で表すことで、写真錯覚の差異を劇的に表現する。—Scott MacDonald, Afterimage, April 1978.",,1974,BW,Silent,0:28:00,16mm
TA_066,Repeated/Reversed Time,反復し/逆行する時間,IIMURA Takahiko,飯村隆彦,"Iimura plays with a metaphor of time as a line as he explores the possibility of time to go back on reverse. “Time is often compared as a line as it flows from past, present and to future. Time is also repeating as in second, minute, and hour. But it never goes back or reverse from today to yesterday except science fiction. This film takes this metaphor of time as a line: A, B, C, D, E, which repeats as the line, but also reverses the line not as science fiction or backward animation. A white vertical line (Line A) is scratched on black leader which is punctuated every second by a dot sound for 10 seconds, then second time for 9 second and 1 second black, and third time 8 second and 2 second black, and it goes until all black. Line B repeats Line A on clear leader with black line, and Line C reverse the order on black leader. At the end Line E reaches the same time structure as Line A.”—Takahiko Iimura",,,1980,BW,Sound,0:12:00,16mm
TA_067,Robina Rose and Me,ロビーナ・ローズと私,IIMURA Takahiko,飯村隆彦,With Robina Rose. Sound in English and Japanese.,ロビーナ・ローズ出演。,,1983,Color,Sound,0:12:00,Video
TA_068,Rose Color Dance,バラ色のダンス,IIMURA Takahiko,飯村隆彦,"“A film of a dance of Tatsumi Hijikata and his Black Dance Troupe. The theme is the birth of a virgin from the womb of a transvestite.”—Takahiko Iimura, Paper Film: Love and Flowers, 1970.","「土方巽のダンスと彼のブラックダンス劇団の映画。 テーマは異性装者の子宮からの処女の誕生である。」飯村隆彦 『ペーパー・フィルム』芳賀書店　1970
",,1964,BW,Silent,0:13:00,8mm / 16mm (blow-up)
TA_069,Sakasama (Upside Down),さかさま,IIMURA Takahiko,飯村隆彦,,,,1963,BW,Silent,0:14:00,8mm / 16mm (blow-up)
TA_070,Scared to Death,スケアド・トゥ・デス,IIMURA Takahiko,飯村隆彦,,,,1989,Color,Sound,0:07:00,Video
TA_071,Self Identity,セルフ・アイデンティティ,IIMURA Takahiko,飯村隆彦,,,,1972–74,BW,Sound,0:39:00,Video
TA_072,Self Identity Series,セルフ・アイデンティティ・シリーズ,IIMURA Takahiko,飯村隆彦,"Similar to Roland Barthes’s differentiation of ‘I who writes’ and ‘I who reads,’ Iimura explores the “issue of identity in the relationship between ‘I’ and ‘you’ as well as the “triangle that includes ‘he.’”—Takahiko Iimura, The Collected Writings, 2007.",,,1967,,,0:29:30,16mm
TA_073,Shelter 9999,シャッター9999,IIMURA Takahiko,飯村隆彦,"In the context of the Cold War, use of the word “shelter” was common. However, it surprised Iimura when he started to live in New York in the 1960s. His work Shelter 9999 embodied the idea of a shelter of the future. Iimura captured scratched letters and abstract lines on black film. Letters were not legible at the speed 24 letters per second that corresponded to the sequence of 24 frames per second. Experimental musician and music professor Alvin Lucier was in charge of sound. Together they performed the collaborative work at a disco club in East Village. ",,,1967,,,0:35:00,16mm
TA_074,Shifting,シフティング,IIMURA Takahiko,飯村隆彦,,,,1976,,,0:22:00,Video
TA_075,SHUTTER,シャッター,IIMURA Takahiko,飯村隆彦,Music by Keijiro Sato.,音楽：佐藤慶次郎。,,1971,BW,Sound,0:25:00,16mm
TA_076,Sky and Ground,スカイ・アンド・グラウンド,IIMURA Takahiko,飯村隆彦,"The 59-minute version of this work is two tapes played simultaneously. There is also a 17-minute single tape version. Poem by Miyuki Ashida in Japanese and English. Premiered as a video installation/performance in 1991 at Studio 200, Tokyo.",,,1991–93,Color,Sound,0:59:00,Video
TA_077,Summer Happenings U.S.A,サマー・ハプニング U.S.A,IIMURA Takahiko,飯村隆彦,"“A subjective documentary of hippiedom in the East Village, with fragmentary shots of TV scenes such as Vietnam and Black Riots. The sound is a juxtaposed collage of news, rock sounds, and voices of Malcom X, Bobby Kennedy, Stokely Carmichael and Ginsburg etc.”—Takahiko Iimura, Paper Film: Love and Flowers, 1970. Sound recorded by Akiko Iimura and edited by Takahiko Iimura.","「イーストビレッジのヒッピーの主観的なドキュメンタリーにテレビのベトナム戦争反対運動や黒人の暴動のシーンが断片的に組み込まれている。音は、ニュース音源、ロック音楽、そしてMalcom X、Bobby Kennedy、Stokely Carmichael、Ginsburgなどの声によるコラージュである。」—飯村隆彦『ペーパー・フィルム』芳賀書店　1970
飯村明子による録音、飯村隆彦による編集。",,1967-68,BW,Sound,0:28:00,16mm
TA_078,SYNC SOUND,シンク・サウンド,IIMURA Takahiko,飯村隆彦,,,,1977,BW,Sound,0:09:00,16mm
TA_079,Taka and Ako,タカとアコ,IIMURA Takahiko,飯村隆彦,With Takahiko Iimura and Akiko Iimura.,共演：飯村隆彦、飯村明子,,1966,BW,Silent,0:13:00,8mm / 16mm (blow-up)
TA_080,Talking in New York,トーキング・イン・ニューヨーク,IIMURA Takahiko,飯村隆彦,"With Takahiko Iimura. Sound in English and Japanese. There is a 1981 video version (color, sound, 8 min.) of this work.",,,1980,Color,Sound,0:14:00,S. 8mm / 16mm (blow-up) 
TA_081,Talking Picture (The Structure of Film Viewing),トーキング・ビクチャー（フィルムを見ることの構造）,IIMURA Takahiko,飯村隆彦,Film performance/installation of the same name was presented at Hyères Film Festival in France in1982. ,この作品は1982年にフランスのイエール映画祭で上映された。,,1981,Color,Sound,0:15:00,S. 8mm / 16mm (blow-up) 
TA_082,Talking Picture #1–4,トーキング・ビクチャー（フィルムを見ることの構造）＃1-4,IIMURA Takahiko,飯村隆彦,,,,,,,0:17:00,Video
TA_083,Talking to Myself at PS1,トーキング・トゥ・マイ・セルフ・アット・ピーエス1,IIMURA Takahiko,飯村隆彦,Revised in 2001 and included on the DVD Seeing / Hearing / Speaking. Sound in English.,,,1985,BW & Color,Sound,0:11:00,Video
TA_084,Talking to Myself: Phenomenological Operation,私自身に話すこと,IIMURA Takahiko,飯村隆彦,,,,1978,Color,Sound,0:17:00,Video
TA_085,The Camera Massage,カメラ・マッサージ,IIMURA Takahiko,飯村隆彦,,,,1968,BW,Sound,0:06:00,16mm
TA_086,The Fog,きり,IIMURA Takahiko,飯村隆彦,,,,1970,BW,Silent,0:03:00,8mm / 16mm (blow-up)
TA_087,The Pacific Ocean,パシフィック・オーシャン,IIMURA Takahiko,飯村隆彦,,,,1962,,,,16mm
TA_088,"TIMED 1,2,3","タイムド 1,2,3",IIMURA Takahiko,飯村隆彦,,,,1972,BW,Sound,0:11:00,16mm 
TA_089,TIME LENGTH 1.2.3,タイム・レングス,IIMURA Takahiko,飯村隆彦,,,,1972,,,0:11:00,16mm
TA_090,Time Tunnel,タイム・トンネル,IIMURA Takahiko,飯村隆彦,"Together with Time (1971, 5 min., video, BW, sound) and Moon Timed (1971, 15 min., video, BW, sound), Time Tunnel is part of Iimura's Time Trilogy.",,,1971,BW,Sound,0:35:00,Video
TA_091,Timing,タイミング,IIMURA Takahiko,飯村隆彦,,,,1972,,,,16mm
TA_092,"TIMING 1,2,3",タイミング1.2.3,IIMURA Takahiko,飯村隆彦,"Film performance/installation, Apple Gallery, New York. Iimura explores the concept of time as one ‘experiences’ through a certain system. “The first film (1) is divided by intervals every second (24 frames) with no sound. The second film (2) is divided by intervals of two seconds (48 frames). The picture and sound are places one second after another. The third film (3) begins the picture from the first seond (24 frames), and increases the interval one frame at a time, 24, 25, 26 . . . increasing the distance between picture and sound. The sound repeats 24 frames all the time.”—Takahiko Iimura, The Collected Writings, 2007. Sound by Takahiko Iimura.",,,1972,,,,16mm
TA_093,To the Garden of Water Lilies,モネの睡蓮の庭の方へ,IIMURA Takahiko,飯村隆彦,Music by Richie Beirach (CBS/SONY).,,,1990,Color,Sound,0:31:00,Video
TA_094,Tooth for Tooth,歯には歯を,IIMURA Takahiko,飯村隆彦,"“EYE FOR EYE came from outdoor dance scene and TOOTH FOR TOOTH from a scene of riot.”—Takahiko Iimura, Paper Film: Love and Flowers, 1970.","「目には目を」は野外ダンスシーンをベースに、「歯には歯を」は暴動シーンから作られた。」 - 飯村隆彦『ペーパー・フィルム』芳賀書店　1970
",,1970,,,,
TA_095,Video Field,ヴィデオ・フィールド,IIMURA Takahiko,飯村隆彦,,,,1975,BW,Silent,0:12:00,Video
TA_096,Video Gesture,ヴィデオ・ジェスチャー,IIMURA Takahiko,飯村隆彦,"Performance/installation at Hara Museum of Contemporary Art, Tokyo.",,,1982,,,,Video
TA_097,Virgin,ヴァージン,IIMURA Takahiko,飯村隆彦,"”Camera was used not as a tool of observation but as a ‘participant’ in a tiny environment.”—Takahiko Iimura, Paper Film: Love and Flowers, 1970. ",,,1968,Color,Silent,0:12:00,16mm
TA_098,Visual Logic (And Illogic),ヴィジュアル・ロジック(アンド アイロジック),IIMURA Takahiko,飯村隆彦,,,,1977,BW,Sound,0:20:00,Video
TA_099,White Calligraphy,ホワイト・カリグラフィー,IIMURA Takahiko,飯村隆彦,"Instead of using black ink on white paper as in traditional calligraphy, Iimura drew white calligraphy on black film. He wrote Japanese characters such as “god,” “heaven,” and “life,” among others from the Kojiki, an ancient chronicle of Japan.",書道のように白い紙の上に墨を使う代わりに、飯村は黒いフィルムの上に白いカリグラフィを描いた。『古事記』からとった「神」、「天国」、「人生」などの文字を書き込んだ。,,1967,BW,Silent,0:11:00,16mm
TA_100,Why Not Sneeze?,何故くしゃみをしない,IIMURA Takahiko,飯村隆彦,,,,1963,,,,8mm
TA_101,"Yoko Ono: ""This Is Not Here""",ヨーコ・オノ “ディス・イズ・ノット・ヒア”,IIMURA Takahiko,飯村隆彦,,,,1972,Color,Sound,0:17:00,16mm
TA_102,[Various Materials and Work Compilations],[その他、コンピレーション],IIMURA Takahiko,飯村隆彦,,,,,,,,